file,line,function,kind,receiver,operation,literal_sql_verbs,literal_sql_tables_or_ctes,unresolved_sql_expressions
backend/cmd/acuity/main.go,320,runWorker,connection,pool,Ping,,,
backend/cmd/acuity/main.go,545,runMigrate,transaction,pool,BeginTx,,,
backend/cmd/acuity/main.go,549,runMigrate,transaction,tx,Rollback,,,
backend/cmd/acuity/main.go,576,runMigrate,transaction,tx,Commit,,,
backend/internal/access/access.go,244,*Module.Provision,transaction,m.database,BeginTx,,,
backend/internal/access/access.go,248,*Module.Provision,transaction,tx,Rollback,,,
backend/internal/access/access.go,253,*Module.Provision,transaction,tx,Commit,,,
backend/internal/access/access.go,270,*Module.ProvisionInTx,statement,tx,Exec,select,,
backend/internal/access/access.go,277,*Module.ProvisionInTx,statement,tx,QueryRow,select,access_platform_operators | access_practices,
backend/internal/access/access.go,302,*Module.ProvisionInTx,statement,tx,Exec,insert,access_platform_operators,
backend/internal/access/access.go,321,*Module.ProvisionInTx,statement,tx,QueryRow,insert | update,access_practices | set,
backend/internal/access/access.go,337,*Module.ProvisionInTx,statement,tx,Exec,delete,access_abita_office_locations,
backend/internal/access/access.go,351,*Module.ProvisionInTx,statement,tx,QueryRow,insert | update,access_locations | set,
backend/internal/access/access.go,362,*Module.ProvisionInTx,statement,tx,Exec,insert | update,access_abita_office_locations | set,
backend/internal/access/access.go,385,*Module.ProvisionInTx,statement,tx,QueryRow,select | update,access_grants,
backend/internal/access/access.go,410,*Module.ProvisionInTx,statement,tx,QueryRow,insert,access_grants,
backend/internal/access/access.go,431,*Module.ProvisionInTx,statement,tx,Exec,insert,access_grant_locations,
backend/internal/access/access.go,447,*Module.ProvisionInTx,statement,tx,Exec,insert,access_audit_events,
backend/internal/access/access.go,472,accessGrantMatchesProvisioning,statement,tx,Query,select,access_grant_locations | access_locations,
backend/internal/access/access.go,518,*Module.InspectSignUpEligibility,statement,m.database,QueryRow,select,access_grants,
backend/internal/access/access.go,533,*Module.InspectSignUpEligibility,statement,m.database,QueryRow,select,access_platform_operators,
backend/internal/access/access.go,562,*Module.ResolveActor,transaction,m.database,BeginTx,,,
backend/internal/access/access.go,566,*Module.ResolveActor,transaction,tx,Rollback,,,
backend/internal/access/access.go,580,*Module.ResolveActor,transaction,tx,Commit,,,
backend/internal/access/access.go,593,*Module.ResolveActor,transaction,tx,Commit,,,
backend/internal/access/access.go,701,*Module.LockServiceAuthorization,statement,tx,QueryRow,select,access_abita_office_locations | access_locations,
backend/internal/access/access.go,748,*Module.LockServiceVoiceAuthorization,statement,tx,QueryRow,select,access_locations | human_calling_location_voice_numbers,
backend/internal/access/access.go,802,*Module.LockOperationalActor,statement,tx,Query,select,access_practices,
backend/internal/access/access.go,828,*Module.LockOperationalActor,statement,tx,Query,select,access_memberships,
backend/internal/access/access.go,862,*Module.DiscoverActor,transaction,m.database,BeginTx,,,
backend/internal/access/access.go,866,*Module.DiscoverActor,transaction,tx,Rollback,,,
backend/internal/access/access.go,882,*Module.DiscoverActor,statement,tx,Query,select,access_locations | access_membership_locations | access_memberships | access_practices,
backend/internal/access/access.go,964,*Module.DiscoverActor,transaction,tx,Commit,,,
backend/internal/access/access.go,978,*Module.DiscoverActor,statement,tx,Query,select,access_practices,
backend/internal/access/access.go,1008,*Module.DiscoverActor,statement,tx,Query,select,access_locations,
backend/internal/access/access.go,1036,*Module.DiscoverActor,transaction,tx,Commit,,,
backend/internal/access/access.go,1055,*Module.activateProvisionedEmail,statement,tx,Query,select | update,access_grants,
backend/internal/access/access.go,1089,*Module.activateProvisionedEmail,statement,tx,QueryRow,insert,access_memberships,
backend/internal/access/access.go,1106,*Module.activateProvisionedEmail,statement,tx,Exec,insert | select,access_grant_locations | access_membership_locations,
backend/internal/access/access.go,1115,*Module.activateProvisionedEmail,statement,tx,Exec,update,access_grants,
backend/internal/access/access.go,1126,*Module.activateProvisionedEmail,statement,tx,Exec,insert,access_audit_events,
backend/internal/access/access.go,1149,*Module.RevokeAccessGrant,transaction,m.database,BeginTx,,,
backend/internal/access/access.go,1153,*Module.RevokeAccessGrant,transaction,tx,Rollback,,,
backend/internal/access/access.go,1161,*Module.RevokeAccessGrant,statement,tx,QueryRow,select | update,access_grants,
backend/internal/access/access.go,1176,*Module.RevokeAccessGrant,transaction,tx,Commit,,,
backend/internal/access/access.go,1181,*Module.RevokeAccessGrant,statement,tx,Exec,update,access_grants,
backend/internal/access/access.go,1202,*Module.RevokeAccessGrant,transaction,tx,Commit,,,
backend/internal/access/access.go,1216,*Module.RevokeMembership,transaction,m.database,BeginTx,,,
backend/internal/access/access.go,1220,*Module.RevokeMembership,transaction,tx,Rollback,,,
backend/internal/access/access.go,1228,*Module.RevokeMembership,statement,tx,QueryRow,select | update,access_memberships,
backend/internal/access/access.go,1240,*Module.RevokeMembership,transaction,tx,Commit,,,
backend/internal/access/access.go,1245,*Module.RevokeMembership,statement,tx,Exec,update,access_memberships,
backend/internal/access/access.go,1266,*Module.RevokeMembership,transaction,tx,Commit,,,
backend/internal/access/access.go,1282,*Module.AuditTrail,transaction,m.database,BeginTx,,,
backend/internal/access/access.go,1286,*Module.AuditTrail,transaction,tx,Rollback,,,
backend/internal/access/access.go,1294,*Module.AuditTrail,statement,tx,Query,select,access_audit_events,
backend/internal/access/access.go,1328,*Module.AuditTrail,transaction,tx,Commit,,,
backend/internal/access/access.go,1343,*Module.AddLocation,transaction,m.database,BeginTx,,,
backend/internal/access/access.go,1347,*Module.AddLocation,transaction,tx,Rollback,,,
backend/internal/access/access.go,1355,*Module.AddLocation,statement,tx,QueryRow,insert | update,access_locations | set,
backend/internal/access/access.go,1373,*Module.AddLocation,statement,tx,QueryRow,insert,access_audit_events,
backend/internal/access/access.go,1395,*Module.AddLocation,transaction,tx,Commit,,,
backend/internal/access/access.go,1410,auditRevocation,statement,tx,Exec,insert,access_audit_events,
backend/internal/access/access.go,1431,resolvePlatformOperator,statement,tx,QueryRow,select,access_platform_operators,
backend/internal/access/access.go,1446,resolvePlatformOperator,statement,tx,QueryRow,select,access_platform_operators,
backend/internal/access/access.go,1470,bindPlatformOperator,statement,tx,QueryRow,select,access_platform_operators,
backend/internal/access/access.go,1485,bindPlatformOperator,statement,tx,Query,select | update,access_platform_operators,
backend/internal/access/access.go,1522,bindPlatformOperator,statement,tx,QueryRow,update,access_platform_operators,
backend/internal/access/access.go,1538,lockPlatformOperatorIdentity,statement,tx,Exec,select,,
backend/internal/access/access.go,1551,lockPlatformOperatorEmail,statement,tx,Exec,select,,
backend/internal/access/access.go,1573,loadOperatorAuthorization,statement,tx,QueryRow,select,access_practices,
backend/internal/access/access.go,1596,loadLocations,statement,tx,Query,select,access_locations,
backend/internal/access/access.go,1642,*Module.AuditOperatorMutation,statement,tx,Exec,insert,access_audit_events,
backend/internal/access/access.go,1688,*Module.RecordWorkspaceChange,statement,tx,QueryRow,update,access_practices,
backend/internal/access/access.go,1696,*Module.RecordWorkspaceChange,statement,tx,Exec,select,access_practices,
backend/internal/access/access.go,1757,loadMembershipAuthorization,statement,tx,QueryRow,,,membershipQuery
backend/internal/access/access.go,1790,loadMembershipAuthorization,statement,tx,Query,,,locationQuery
backend/internal/httpapi/server.go,219,*Server.GetReadiness,connection,server.pool,Ping,,,
backend/internal/humancalling/callleg_projection.go,100,*Module.prepareConnectedBridgeCommand,statement,tx,QueryRow,,,recordingPolicyQuery
backend/internal/humancalling/callleg_projection.go,124,*Module.reserveConnectedCallRecording,statement,tx,Exec,insert | select,access_practices | human_calling_call_recordings | human_calling_calls,
backend/internal/humancalling/callleg_projection.go,147,*Module.terminalCleanupFailedCallLeg,statement,m.database,QueryRow,select,human_calling_call_legs | human_calling_calls,
backend/internal/humancalling/callleg_projection.go,178,*Module.admitHandoff,transaction,m.database,BeginTx,,,
backend/internal/humancalling/callleg_projection.go,182,*Module.admitHandoff,transaction,tx,Rollback,,,
backend/internal/humancalling/callleg_projection.go,188,*Module.admitHandoff,transaction,tx,Commit,,,
backend/internal/humancalling/callleg_projection.go,196,*Module.admitHandoff,statement,tx,QueryRow,select,human_calling_handoffs,
backend/internal/humancalling/callleg_projection.go,206,*Module.admitHandoff,statement,tx,Exec,insert,human_calling_calls,
backend/internal/humancalling/callleg_projection.go,215,*Module.admitHandoff,statement,tx,Exec,insert,human_calling_call_legs,
backend/internal/humancalling/callleg_projection.go,226,*Module.admitHandoff,statement,tx,Exec,update,human_calling_handoffs,
backend/internal/humancalling/callleg_projection.go,266,*Module.admitHandoff,transaction,tx,Commit,,,
backend/internal/humancalling/callleg_projection.go,273,*Module.applyCallerAnswered,transaction,m.database,BeginTx,,,
backend/internal/humancalling/callleg_projection.go,277,*Module.applyCallerAnswered,transaction,tx,Rollback,,,
backend/internal/humancalling/callleg_projection.go,283,*Module.applyCallerAnswered,transaction,tx,Commit,,,
backend/internal/humancalling/callleg_projection.go,288,*Module.applyCallerAnswered,statement,tx,QueryRow,select | update,human_calling_call_legs | human_calling_calls | of,
backend/internal/humancalling/callleg_projection.go,310,*Module.applyCallerAnswered,statement,tx,QueryRow,select | update,human_calling_call_legs | human_calling_calls | of,
backend/internal/humancalling/callleg_projection.go,328,*Module.applyCallerAnswered,statement,tx,Exec,update,human_calling_provider_commands,
backend/internal/humancalling/callleg_projection.go,339,*Module.applyCallerAnswered,transaction,tx,Commit,,,
backend/internal/humancalling/callleg_projection.go,341,*Module.applyCallerAnswered,statement,tx,Exec,update,human_calling_call_legs,
backend/internal/humancalling/callleg_projection.go,375,*Module.applyCallerAnswered,statement,tx,Query,select | update,access_calling_scopes | access_membership_locations | human_calling_call_legs | human_calling_calls | human_calling_credentials | human_calling_softphone_leases | of,
backend/internal/humancalling/callleg_projection.go,444,*Module.applyCallerAnswered,statement,tx,Exec,insert,human_calling_call_legs,
backend/internal/humancalling/callleg_projection.go,485,*Module.applyCallerAnswered,statement,tx,Exec,update,human_calling_calls,
backend/internal/humancalling/callleg_projection.go,499,*Module.applyCallerAnswered,transaction,tx,Commit,,,
backend/internal/humancalling/callleg_projection.go,515,*Module.applyStaffInitiated,transaction,m.database,BeginTx,,,
backend/internal/humancalling/callleg_projection.go,519,*Module.applyStaffInitiated,transaction,tx,Rollback,,,
backend/internal/humancalling/callleg_projection.go,525,*Module.applyStaffInitiated,transaction,tx,Commit,,,
backend/internal/humancalling/callleg_projection.go,533,*Module.applyStaffInitiated,statement,tx,QueryRow,select | update,human_calling_calls,
backend/internal/humancalling/callleg_projection.go,541,*Module.applyStaffInitiated,statement,tx,QueryRow,select | update,human_calling_call_legs,
backend/internal/humancalling/callleg_projection.go,562,*Module.applyStaffInitiated,statement,tx,Exec,update,human_calling_call_legs,
backend/internal/humancalling/callleg_projection.go,576,*Module.applyStaffInitiated,statement,tx,Exec,update,human_calling_provider_commands,
backend/internal/humancalling/callleg_projection.go,602,*Module.applyStaffInitiated,statement,tx,QueryRow,select | update,human_calling_softphone_leases,
backend/internal/humancalling/callleg_projection.go,616,*Module.applyStaffInitiated,statement,tx,QueryRow,select,access_membership_locations | access_operational_scopes,
backend/internal/humancalling/callleg_projection.go,644,*Module.applyStaffInitiated,statement,tx,Exec,update,human_calling_call_legs,
backend/internal/humancalling/callleg_projection.go,666,*Module.applyStaffInitiated,statement,tx,Exec,update,human_calling_call_legs,
backend/internal/humancalling/callleg_projection.go,677,*Module.applyStaffInitiated,statement,tx,QueryRow,select,human_calling_call_legs,
backend/internal/humancalling/callleg_projection.go,698,*Module.applyStaffInitiated,statement,tx,QueryRow,select,human_calling_call_legs,
backend/internal/humancalling/callleg_projection.go,705,*Module.applyStaffInitiated,statement,tx,Exec,update,human_calling_call_legs,
backend/internal/humancalling/callleg_projection.go,715,*Module.applyStaffInitiated,statement,tx,Exec,update,human_calling_softphone_leases,
backend/internal/humancalling/callleg_projection.go,746,*Module.applyStaffInitiated,statement,tx,Exec,update,human_calling_call_legs,
backend/internal/humancalling/callleg_projection.go,770,*Module.applyStaffInitiated,statement,tx,Exec,update,human_calling_calls,
backend/internal/humancalling/callleg_projection.go,787,*Module.applyStaffInitiated,transaction,tx,Commit,,,
backend/internal/humancalling/callleg_projection.go,818,*Module.recordRingWindowFact,transaction,m.database,BeginTx,,,
backend/internal/humancalling/callleg_projection.go,822,*Module.recordRingWindowFact,transaction,tx,Rollback,,,
backend/internal/humancalling/callleg_projection.go,828,*Module.recordRingWindowFact,transaction,tx,Commit,,,
backend/internal/humancalling/callleg_projection.go,832,*Module.recordRingWindowFact,statement,tx,QueryRow,select | update,human_calling_call_legs | human_calling_calls | of,
backend/internal/humancalling/callleg_projection.go,852,*Module.recordRingWindowFact,statement,tx,QueryRow,select,human_calling_timeline,
backend/internal/humancalling/callleg_projection.go,860,*Module.recordRingWindowFact,statement,tx,Exec,update,human_calling_provider_commands,
backend/internal/humancalling/callleg_projection.go,888,*Module.recordRingWindowFact,statement,tx,QueryRow,select,human_calling_call_legs,
backend/internal/humancalling/callleg_projection.go,907,*Module.recordRingWindowFact,statement,tx,Exec,update,human_calling_provider_commands,
backend/internal/humancalling/callleg_projection.go,925,*Module.recordRingWindowFact,transaction,tx,Commit,,,
backend/internal/humancalling/callleg_projection.go,933,*Module.applyBridge,transaction,m.database,BeginTx,,,
backend/internal/humancalling/callleg_projection.go,937,*Module.applyBridge,transaction,tx,Rollback,,,
backend/internal/humancalling/callleg_projection.go,943,*Module.applyBridge,transaction,tx,Commit,,,
backend/internal/humancalling/callleg_projection.go,949,*Module.applyBridge,statement,tx,QueryRow,select | update,human_calling_call_legs | human_calling_calls | human_calling_handoffs | of,
backend/internal/humancalling/callleg_projection.go,993,*Module.applyBridge,statement,tx,Exec,update,human_calling_provider_commands,
backend/internal/humancalling/callleg_projection.go,1016,*Module.applyBridge,statement,tx,Query,select | update,human_calling_call_legs | human_calling_provider_commands,
backend/internal/humancalling/callleg_projection.go,1052,*Module.applyBridge,statement,tx,Exec,update,human_calling_provider_commands,
backend/internal/humancalling/callleg_projection.go,1062,*Module.applyBridge,statement,tx,Exec,update,human_calling_call_legs,
backend/internal/humancalling/callleg_projection.go,1073,*Module.applyBridge,statement,tx,Exec,update,human_calling_call_legs,
backend/internal/humancalling/callleg_projection.go,1096,*Module.applyBridge,statement,tx,Exec,update,human_calling_calls,
backend/internal/humancalling/callleg_projection.go,1127,*Module.applyBridge,transaction,tx,Commit,,,
backend/internal/humancalling/callleg_projection.go,1139,*Module.correlateBridgeFact,statement,m.database,QueryRow,select,human_calling_call_legs | human_calling_calls,
backend/internal/humancalling/callleg_projection.go,1172,projectBridgeEvidence,statement,tx,QueryRow,select | update,human_calling_call_legs | human_calling_calls | of,
backend/internal/humancalling/callleg_projection.go,1194,projectBridgeEvidence,statement,tx,Exec,update,human_calling_call_legs,
backend/internal/humancalling/callleg_projection.go,1215,*Module.upgradeHistoricalConnectedCall,statement,tx,Exec,select | update,human_calling_call_legs | human_calling_calls,
backend/internal/humancalling/callleg_projection.go,1254,*Module.applyCallerBridge,transaction,m.database,BeginTx,,,
backend/internal/humancalling/callleg_projection.go,1258,*Module.applyCallerBridge,transaction,tx,Rollback,,,
backend/internal/humancalling/callleg_projection.go,1264,*Module.applyCallerBridge,transaction,tx,Commit,,,
backend/internal/humancalling/callleg_projection.go,1268,*Module.applyCallerBridge,statement,tx,QueryRow,select | update,human_calling_call_legs | human_calling_calls | of,
backend/internal/humancalling/callleg_projection.go,1319,*Module.applyCallerBridge,statement,tx,Exec,update,human_calling_calls,
backend/internal/humancalling/callleg_projection.go,1327,*Module.applyCallerBridge,transaction,tx,Commit,,,
backend/internal/humancalling/callleg_projection.go,1332,*Module.applyHangup,transaction,m.database,BeginTx,,,
backend/internal/humancalling/callleg_projection.go,1336,*Module.applyHangup,transaction,tx,Rollback,,,
backend/internal/humancalling/callleg_projection.go,1342,*Module.applyHangup,transaction,tx,Commit,,,
backend/internal/humancalling/callleg_projection.go,1382,*Module.applyHangup,statement,tx,QueryRow,,,query
backend/internal/humancalling/callleg_projection.go,1401,*Module.applyHangup,statement,tx,Exec,update,human_calling_provider_commands,
backend/internal/humancalling/callleg_projection.go,1409,*Module.applyHangup,transaction,tx,Commit,,,
backend/internal/humancalling/calls.go,36,*Module.ReadCall,transaction,m.database,BeginTx,,,
backend/internal/humancalling/calls.go,40,*Module.ReadCall,transaction,tx,Rollback,,,
backend/internal/humancalling/calls.go,53,*Module.ReadCall,transaction,tx,Commit,,,
backend/internal/humancalling/calls.go,68,*Module.loadCallProjection,statement,querier,QueryRow,select,access_locations | human_calling_call_legs | human_calling_call_recordings | human_calling_calls | human_calling_handoffs | human_calling_provider_commands | human_calling_timeline | human_calling_voicemails,
backend/internal/humancalling/calls.go,246,*Module.QueryCallHistory,statement,m.database,Query,select,access_calling_scopes | access_locations | access_membership_locations | access_memberships | access_platform_operators | human_calling_call_legs | human_calling_calls | human_calling_current_staff_owners | human_calling_handoffs,
backend/internal/humancalling/calls.go,340,*Module.RequestHangup,transaction,m.database,BeginTx,,,
backend/internal/humancalling/calls.go,344,*Module.RequestHangup,transaction,tx,Rollback,,,
backend/internal/humancalling/calls.go,348,*Module.RequestHangup,statement,tx,QueryRow,select | update,human_calling_calls | of,
backend/internal/humancalling/calls.go,367,*Module.RequestHangup,statement,tx,Query,select,human_calling_provider_commands,
backend/internal/humancalling/calls.go,394,*Module.RequestHangup,transaction,tx,Commit,,,
backend/internal/humancalling/calls.go,400,*Module.RequestHangup,statement,tx,QueryRow,select | update,human_calling_softphone_leases,
backend/internal/humancalling/calls.go,408,*Module.RequestHangup,statement,tx,QueryRow,select,human_calling_call_legs,
backend/internal/humancalling/calls.go,420,*Module.RequestHangup,statement,tx,Exec,update,human_calling_provider_commands,
backend/internal/humancalling/calls.go,431,*Module.RequestHangup,statement,tx,Query,select | update,human_calling_call_legs | human_calling_provider_commands,
backend/internal/humancalling/calls.go,474,*Module.RequestHangup,statement,tx,Exec,update,human_calling_call_legs,
backend/internal/humancalling/calls.go,486,*Module.RequestHangup,statement,tx,Exec,update,human_calling_call_legs,
backend/internal/humancalling/calls.go,514,*Module.RequestHangup,statement,tx,Exec,update,human_calling_calls,
backend/internal/humancalling/calls.go,522,*Module.RequestHangup,statement,tx,Exec,update,human_calling_calls,
backend/internal/humancalling/calls.go,531,*Module.RequestHangup,transaction,tx,Commit,,,
backend/internal/humancalling/calls.go,547,*Module.RecordDisposition,transaction,m.database,BeginTx,,,
backend/internal/humancalling/calls.go,551,*Module.RecordDisposition,transaction,tx,Rollback,,,
backend/internal/humancalling/calls.go,555,*Module.RecordDisposition,statement,tx,QueryRow,select | update,human_calling_calls | human_calling_handoffs | of,
backend/internal/humancalling/calls.go,575,*Module.RecordDisposition,statement,tx,QueryRow,select,human_calling_current_staff_owners,
backend/internal/humancalling/calls.go,584,*Module.RecordDisposition,statement,tx,QueryRow,select | update,human_calling_softphone_leases,
backend/internal/humancalling/calls.go,605,*Module.RecordDisposition,transaction,tx,Commit,,,
backend/internal/humancalling/calls.go,635,*Module.RecordDisposition,statement,tx,Exec,update,human_calling_calls,
backend/internal/humancalling/calls.go,650,*Module.RecordDisposition,transaction,tx,Commit,,,
backend/internal/humancalling/calls.go,663,*Module.ExpireDispositions,transaction,m.database,BeginTx,,,
backend/internal/humancalling/calls.go,667,*Module.ExpireDispositions,transaction,tx,Rollback,,,
backend/internal/humancalling/calls.go,668,*Module.ExpireDispositions,statement,tx,Query,select | update,access_memberships | access_platform_operators | human_calling_call_legs | human_calling_calls | lateral | of,
backend/internal/humancalling/calls.go,725,*Module.ExpireDispositions,statement,tx,Exec,update,human_calling_calls,
backend/internal/humancalling/calls.go,743,*Module.ExpireDispositions,transaction,tx,Commit,,,
backend/internal/humancalling/calls.go,751,*Module.callHasBridge,statement,tx,QueryRow,select,human_calling_call_legs,
backend/internal/humancalling/calls.go,818,*Module.ReadOperatorTimeline,statement,m.database,Query,select,entries | human_calling_provider_commands | human_calling_provider_receipts | human_calling_timeline,
backend/internal/humancalling/connected_recording.go,43,*Module.applyConnectedCallRecordingSaved,statement,m.database,QueryRow,select,human_calling_projected_facts,
backend/internal/humancalling/connected_recording.go,66,*Module.applyConnectedCallRecordingSaved,transaction,m.database,BeginTx,,,
backend/internal/humancalling/connected_recording.go,70,*Module.applyConnectedCallRecordingSaved,transaction,tx,Rollback,,,
backend/internal/humancalling/connected_recording.go,76,*Module.applyConnectedCallRecordingSaved,transaction,tx,Commit,,,
backend/internal/humancalling/connected_recording.go,87,*Module.applyConnectedCallRecordingSaved,statement,tx,QueryRow,select | update,human_calling_call_recordings,
backend/internal/humancalling/connected_recording.go,101,*Module.applyConnectedCallRecordingSaved,transaction,tx,Commit,,,
backend/internal/humancalling/connected_recording.go,107,*Module.applyConnectedCallRecordingSaved,statement,tx,Exec,update,human_calling_call_recordings,
backend/internal/humancalling/connected_recording.go,120,*Module.applyConnectedCallRecordingSaved,statement,tx,Exec,update,human_calling_calls,
backend/internal/humancalling/connected_recording.go,134,*Module.applyConnectedCallRecordingSaved,transaction,tx,Commit,,,
backend/internal/humancalling/connected_recording.go,145,*Module.applyConnectedCallRecordingError,transaction,m.database,BeginTx,,,
backend/internal/humancalling/connected_recording.go,149,*Module.applyConnectedCallRecordingError,transaction,tx,Rollback,,,
backend/internal/humancalling/connected_recording.go,155,*Module.applyConnectedCallRecordingError,transaction,tx,Commit,,,
backend/internal/humancalling/connected_recording.go,161,*Module.applyConnectedCallRecordingError,statement,tx,Exec,update,human_calling_call_recordings,
backend/internal/humancalling/connected_recording.go,175,*Module.applyConnectedCallRecordingError,transaction,tx,Commit,,,
backend/internal/humancalling/connected_recording.go,177,*Module.applyConnectedCallRecordingError,statement,tx,Exec,update,human_calling_calls,
backend/internal/humancalling/connected_recording.go,191,*Module.applyConnectedCallRecordingError,transaction,tx,Commit,,,
backend/internal/humancalling/connected_recording.go,215,*Module.ProcessNextRecordingReconciliation,transaction,m.database,BeginTx,,,
backend/internal/humancalling/connected_recording.go,219,*Module.ProcessNextRecordingReconciliation,transaction,tx,Rollback,,,
backend/internal/humancalling/connected_recording.go,223,*Module.ProcessNextRecordingReconciliation,statement,tx,QueryRow,select | update,human_calling_call_legs | human_calling_call_recordings | human_calling_calls | human_calling_provider_commands | lateral | of,
backend/internal/humancalling/connected_recording.go,263,*Module.ProcessNextRecordingReconciliation,transaction,tx,Commit,,,
backend/internal/humancalling/connected_recording.go,268,*Module.ProcessNextRecordingReconciliation,statement,tx,Exec,update,human_calling_call_recordings,
backend/internal/humancalling/connected_recording.go,277,*Module.ProcessNextRecordingReconciliation,transaction,tx,Commit,,,
backend/internal/humancalling/connected_recording.go,355,*Module.failRecordingReconciliation,statement,m.database,Exec,update,human_calling_call_recordings,
backend/internal/humancalling/connected_recording.go,387,*Module.exhaustRecordingReconciliation,transaction,m.database,BeginTx,,,
backend/internal/humancalling/connected_recording.go,391,*Module.exhaustRecordingReconciliation,transaction,tx,Rollback,,,
backend/internal/humancalling/connected_recording.go,393,*Module.exhaustRecordingReconciliation,statement,tx,QueryRow,update,human_calling_call_recordings,
backend/internal/humancalling/connected_recording.go,406,*Module.exhaustRecordingReconciliation,transaction,tx,Commit,,,
backend/internal/humancalling/connected_recording.go,411,*Module.exhaustRecordingReconciliation,statement,tx,Exec,update,human_calling_calls,
backend/internal/humancalling/connected_recording.go,435,*Module.exhaustRecordingReconciliation,transaction,tx,Commit,,,
backend/internal/humancalling/connected_recording.go,449,*Module.ProcessNextRecordingRetention,transaction,m.database,BeginTx,,,
backend/internal/humancalling/connected_recording.go,453,*Module.ProcessNextRecordingRetention,transaction,tx,Rollback,,,
backend/internal/humancalling/connected_recording.go,456,*Module.ProcessNextRecordingRetention,statement,tx,QueryRow,select | update,human_calling_call_recordings | of,
backend/internal/humancalling/connected_recording.go,476,*Module.ProcessNextRecordingRetention,transaction,tx,Commit,,,
backend/internal/humancalling/connected_recording.go,481,*Module.ProcessNextRecordingRetention,statement,tx,Exec,update,human_calling_call_recordings,
backend/internal/humancalling/connected_recording.go,490,*Module.ProcessNextRecordingRetention,transaction,tx,Commit,,,
backend/internal/humancalling/connected_recording.go,496,*Module.ProcessNextRecordingRetention,statement,m.database,Exec,update,human_calling_call_recordings,
backend/internal/humancalling/connected_recording.go,517,*Module.ProcessNextRecordingRetention,transaction,m.database,BeginTx,,,
backend/internal/humancalling/connected_recording.go,521,*Module.ProcessNextRecordingRetention,transaction,completion,Rollback,,,
backend/internal/humancalling/connected_recording.go,522,*Module.ProcessNextRecordingRetention,statement,completion,Exec,update,human_calling_call_recordings,
backend/internal/humancalling/connected_recording.go,536,*Module.ProcessNextRecordingRetention,statement,completion,Exec,update,human_calling_calls,
backend/internal/humancalling/connected_recording.go,550,*Module.ProcessNextRecordingRetention,transaction,completion,Commit,,,
backend/internal/humancalling/connected_recording.go,585,*Module.requireExactConnectedRecordingLeg,statement,tx,QueryRow,select | update,human_calling_call_legs | human_calling_calls | of,
backend/internal/humancalling/credentials.go,16,*Module.ReconcileCredentials,transaction,m.database,BeginTx,,,
backend/internal/humancalling/credentials.go,20,*Module.ReconcileCredentials,transaction,tx,Rollback,,,
backend/internal/humancalling/credentials.go,22,*Module.ReconcileCredentials,statement,tx,Exec,insert | select | update,access_operational_users | human_calling_credentials | set,
backend/internal/humancalling/credentials.go,33,*Module.ReconcileCredentials,statement,tx,Exec,select | update,access_operational_users | human_calling_credentials,
backend/internal/humancalling/credentials.go,45,*Module.ReconcileCredentials,statement,tx,Exec,select | update,access_operational_users | human_calling_credentials,
backend/internal/humancalling/credentials.go,63,*Module.ReconcileCredentials,statement,tx,Query,select | update,human_calling_credentials | human_calling_provider_commands | of,
backend/internal/humancalling/credentials.go,110,*Module.ReconcileCredentials,statement,tx,Exec,insert,human_calling_provider_commands,
backend/internal/humancalling/credentials.go,120,*Module.ReconcileCredentials,transaction,tx,Commit,,,
backend/internal/humancalling/credentials.go,129,*Module.ProcessNextCredentialReconciliation,transaction,m.database,BeginTx,,,
backend/internal/humancalling/credentials.go,133,*Module.ProcessNextCredentialReconciliation,transaction,tx,Rollback,,,
backend/internal/humancalling/credentials.go,136,*Module.ProcessNextCredentialReconciliation,statement,tx,QueryRow,select | update,human_calling_provider_commands | skip,
backend/internal/humancalling/credentials.go,160,*Module.ProcessNextCredentialReconciliation,transaction,tx,Commit,,,
backend/internal/humancalling/credentials.go,168,*Module.ProcessNextCredentialReconciliation,statement,tx,QueryRow,select | update,human_calling_provider_commands | skip,
backend/internal/humancalling/credentials.go,180,*Module.ProcessNextCredentialReconciliation,transaction,tx,Commit,,,
backend/internal/humancalling/credentials.go,187,*Module.ProcessNextCredentialReconciliation,statement,tx,Exec,update,human_calling_provider_commands,
backend/internal/humancalling/credentials.go,194,*Module.ProcessNextCredentialReconciliation,statement,tx,Exec,update,human_calling_credentials,
backend/internal/humancalling/credentials.go,201,*Module.ProcessNextCredentialReconciliation,transaction,tx,Commit,,,
backend/internal/humancalling/credentials.go,206,*Module.ProcessNextCredentialReconciliation,statement,tx,Exec,update,human_calling_provider_commands,
backend/internal/humancalling/credentials.go,213,*Module.ProcessNextCredentialReconciliation,transaction,tx,Commit,,,
backend/internal/humancalling/credentials.go,220,*Module.ProcessNextCredentialReconciliation,transaction,m.database,BeginTx,,,
backend/internal/humancalling/credentials.go,224,*Module.ProcessNextCredentialReconciliation,transaction,tx,Rollback,,,
backend/internal/humancalling/credentials.go,226,*Module.ProcessNextCredentialReconciliation,statement,tx,Exec,update,human_calling_provider_commands,
backend/internal/humancalling/credentials.go,234,*Module.ProcessNextCredentialReconciliation,transaction,tx,Commit,,,
backend/internal/humancalling/credentials.go,240,*Module.ProcessNextCredentialReconciliation,statement,tx,QueryRow,select,access_operational_users,
backend/internal/humancalling/credentials.go,251,*Module.ProcessNextCredentialReconciliation,statement,tx,Exec,update,human_calling_credentials,
backend/internal/humancalling/credentials.go,259,*Module.ProcessNextCredentialReconciliation,statement,tx,Exec,update,human_calling_provider_commands,
backend/internal/humancalling/credentials.go,265,*Module.ProcessNextCredentialReconciliation,statement,tx,Exec,update,human_calling_credentials,
backend/internal/humancalling/credentials.go,272,*Module.ProcessNextCredentialReconciliation,statement,tx,Exec,update,human_calling_provider_commands,
backend/internal/humancalling/credentials.go,282,*Module.ProcessNextCredentialReconciliation,statement,tx,Exec,update,human_calling_provider_commands,
backend/internal/humancalling/credentials.go,290,*Module.ProcessNextCredentialReconciliation,statement,tx,Exec,update,human_calling_provider_commands,
backend/internal/humancalling/credentials.go,296,*Module.ProcessNextCredentialReconciliation,statement,tx,Exec,update,human_calling_provider_commands,
backend/internal/humancalling/credentials.go,302,*Module.ProcessNextCredentialReconciliation,statement,tx,Exec,update,human_calling_credentials,
backend/internal/humancalling/credentials.go,308,*Module.ProcessNextCredentialReconciliation,statement,tx,Exec,update,human_calling_provider_commands,
backend/internal/humancalling/credentials.go,317,*Module.ProcessNextCredentialReconciliation,transaction,tx,Commit,,,
backend/internal/humancalling/credentials.go,339,*Module.IssueMediaJWT,statement,m.database,Exec,insert,human_calling_provider_commands,
backend/internal/humancalling/credentials.go,366,*Module.authorizeMediaJWT,transaction,m.database,BeginTx,,,
backend/internal/humancalling/credentials.go,370,*Module.authorizeMediaJWT,transaction,tx,Rollback,,,
backend/internal/humancalling/credentials.go,375,*Module.authorizeMediaJWT,statement,tx,QueryRow,select,human_calling_softphone_leases,
backend/internal/humancalling/credentials.go,384,*Module.authorizeMediaJWT,statement,tx,QueryRow,select,human_calling_credentials,
backend/internal/humancalling/credentials.go,397,*Module.authorizeMediaJWT,transaction,tx,Commit,,,
backend/internal/humancalling/handoff.go,29,*Module.CreateHandoff,transaction,m.database,BeginTx,,,
backend/internal/humancalling/handoff.go,33,*Module.CreateHandoff,transaction,tx,Rollback,,,
backend/internal/humancalling/handoff.go,63,*Module.CreateHandoff,statement,tx,QueryRow,select | update,human_calling_handoffs,
backend/internal/humancalling/handoff.go,76,*Module.CreateHandoff,transaction,tx,Commit,,,
backend/internal/humancalling/handoff.go,88,*Module.CreateHandoff,statement,tx,QueryRow,insert,human_calling_handoffs,
backend/internal/humancalling/handoff.go,113,*Module.CreateHandoff,statement,tx,QueryRow,select | update,human_calling_handoffs,
backend/internal/humancalling/handoff.go,133,*Module.CreateHandoff,transaction,tx,Commit,,,
backend/internal/humancalling/handoff.go,148,*Module.resolveHandoffForRefer,statement,tx,Query,select | update,human_calling_handoffs,
backend/internal/humancalling/handoff.go,192,appendTimeline,statement,tx,Exec,insert,human_calling_timeline,
backend/internal/humancalling/handoff.go,207,appendTimeline,statement,tx,Exec,update,human_calling_provider_receipts,
backend/internal/humancalling/metrics.go,64,*Module.ReportReceiptQueue,statement,m.database,QueryRow,select,human_calling_provider_receipts,
backend/internal/humancalling/metrics.go,115,*Module.ReportReceiptQueue,statement,m.database,QueryRow,select,human_calling_call_legs | human_calling_calls | human_calling_provider_commands,
backend/internal/humancalling/metrics.go,181,*Module.ReportReceiptQueue,statement,m.database,QueryRow,select,human_calling_call_recordings | human_calling_calls,
backend/internal/humancalling/outbound.go,98,*Module.ProvisionLocationVoices,transaction,m.database,BeginTx,,,
backend/internal/humancalling/outbound.go,102,*Module.ProvisionLocationVoices,transaction,tx,Rollback,,,
backend/internal/humancalling/outbound.go,106,*Module.ProvisionLocationVoices,transaction,tx,Commit,,,
backend/internal/humancalling/outbound.go,134,*Module.ProvisionLocationVoicesInTx,statement,tx,QueryRow,select | update,access_locations | access_practices | of,
backend/internal/humancalling/outbound.go,145,*Module.ProvisionLocationVoicesInTx,statement,tx,Exec,delete,human_calling_location_voice_numbers,
backend/internal/humancalling/outbound.go,151,*Module.ProvisionLocationVoicesInTx,statement,tx,Exec,insert | update,human_calling_location_voice_numbers | set,
backend/internal/humancalling/outbound.go,174,*Module.ProvisionOutboundVoiceFallbacks,transaction,m.database,BeginTx,,,
backend/internal/humancalling/outbound.go,178,*Module.ProvisionOutboundVoiceFallbacks,transaction,tx,Rollback,,,
backend/internal/humancalling/outbound.go,182,*Module.ProvisionOutboundVoiceFallbacks,transaction,tx,Commit,,,
backend/internal/humancalling/outbound.go,203,*Module.ProvisionOutboundVoiceFallbacksInTx,statement,tx,QueryRow,select | update,access_practices,
backend/internal/humancalling/outbound.go,211,*Module.ProvisionOutboundVoiceFallbacksInTx,statement,tx,Exec,delete,human_calling_outbound_voice_fallbacks,
backend/internal/humancalling/outbound.go,220,*Module.ProvisionOutboundVoiceFallbacksInTx,statement,tx,QueryRow,select | update,access_locations,
backend/internal/humancalling/outbound.go,228,*Module.ProvisionOutboundVoiceFallbacksInTx,statement,tx,QueryRow,select,human_calling_location_voice_numbers,
backend/internal/humancalling/outbound.go,237,*Module.ProvisionOutboundVoiceFallbacksInTx,statement,tx,Exec,insert | update,human_calling_outbound_voice_fallbacks | set,
backend/internal/humancalling/outbound.go,268,*Module.StartOutboundCall,transaction,m.database,BeginTx,,,
backend/internal/humancalling/outbound.go,272,*Module.StartOutboundCall,transaction,tx,Rollback,,,
backend/internal/humancalling/outbound.go,276,*Module.StartOutboundCall,statement,tx,Exec,select,,
backend/internal/humancalling/outbound.go,283,*Module.StartOutboundCall,statement,tx,QueryRow,select | update,human_calling_calls,
backend/internal/humancalling/outbound.go,293,*Module.StartOutboundCall,transaction,tx,Commit,,,
backend/internal/humancalling/outbound.go,322,*Module.StartOutboundCall,statement,tx,QueryRow,select | update,human_calling_softphone_leases,
backend/internal/humancalling/outbound.go,333,*Module.StartOutboundCall,statement,tx,QueryRow,select,human_calling_call_legs | human_calling_calls,
backend/internal/humancalling/outbound.go,361,*Module.StartOutboundCall,statement,tx,QueryRow,select | update,human_calling_credentials,
backend/internal/humancalling/outbound.go,370,*Module.StartOutboundCall,statement,tx,QueryRow,select | update,human_calling_calls,
backend/internal/humancalling/outbound.go,381,*Module.StartOutboundCall,statement,tx,Exec,insert,human_calling_calls,
backend/internal/humancalling/outbound.go,396,*Module.StartOutboundCall,statement,tx,Exec,insert,human_calling_call_legs,
backend/internal/humancalling/outbound.go,403,*Module.StartOutboundCall,statement,tx,Exec,insert,human_calling_call_legs,
backend/internal/humancalling/outbound.go,432,*Module.StartOutboundCall,statement,tx,Exec,update,human_calling_softphone_leases,
backend/internal/humancalling/outbound.go,446,*Module.StartOutboundCall,transaction,tx,Commit,,,
backend/internal/humancalling/outbound.go,464,outboundCallerID,statement,querier,QueryRow,select,configured_fallback | direct | human_calling_location_voice_numbers | human_calling_outbound_voice_fallbacks,
backend/internal/humancalling/outbound.go,507,*Module.ConfirmOutboundMedia,transaction,m.database,BeginTx,,,
backend/internal/humancalling/outbound.go,511,*Module.ConfirmOutboundMedia,transaction,tx,Rollback,,,
backend/internal/humancalling/outbound.go,513,*Module.ConfirmOutboundMedia,statement,tx,QueryRow,select | update,human_calling_calls,
backend/internal/humancalling/outbound.go,528,*Module.ConfirmOutboundMedia,statement,tx,QueryRow,select | update,human_calling_call_legs,
backend/internal/humancalling/outbound.go,538,*Module.ConfirmOutboundMedia,statement,tx,QueryRow,select | update,human_calling_softphone_leases,
backend/internal/humancalling/outbound.go,551,*Module.ConfirmOutboundMedia,statement,tx,QueryRow,select,human_calling_call_legs,
backend/internal/humancalling/outbound.go,556,*Module.ConfirmOutboundMedia,transaction,tx,Commit,,,
backend/internal/humancalling/outbound.go,565,*Module.ConfirmOutboundMedia,statement,tx,Exec,insert,human_calling_call_legs,
backend/internal/humancalling/outbound.go,591,*Module.ConfirmOutboundMedia,statement,tx,Exec,update,human_calling_calls,
backend/internal/humancalling/outbound.go,596,*Module.ConfirmOutboundMedia,transaction,tx,Commit,,,
backend/internal/humancalling/outbound.go,612,*Module.applyOutboundDestinationFact,transaction,m.database,BeginTx,,,
backend/internal/humancalling/outbound.go,616,*Module.applyOutboundDestinationFact,transaction,tx,Rollback,,,
backend/internal/humancalling/outbound.go,622,*Module.applyOutboundDestinationFact,transaction,tx,Commit,,,
backend/internal/humancalling/outbound.go,625,*Module.applyOutboundDestinationFact,statement,tx,QueryRow,select | update,human_calling_calls,
backend/internal/humancalling/outbound.go,633,*Module.applyOutboundDestinationFact,statement,tx,QueryRow,select | update,human_calling_call_legs,
backend/internal/humancalling/outbound.go,657,*Module.applyOutboundDestinationFact,statement,tx,QueryRow,select,human_calling_provider_commands,
backend/internal/humancalling/outbound.go,674,*Module.applyOutboundDestinationFact,statement,tx,Exec,update,human_calling_call_legs,
backend/internal/humancalling/outbound.go,697,*Module.applyOutboundDestinationFact,statement,tx,Exec,update,human_calling_provider_commands,
backend/internal/humancalling/outbound.go,719,*Module.applyOutboundDestinationFact,statement,tx,QueryRow,select | update,human_calling_call_legs,
backend/internal/humancalling/outbound.go,748,*Module.applyOutboundDestinationFact,statement,tx,Exec,update,human_calling_calls,
backend/internal/humancalling/outbound.go,761,*Module.applyOutboundDestinationFact,transaction,tx,Commit,,,
backend/internal/humancalling/outbound.go,770,*Module.applyOutboundBridge,transaction,m.database,BeginTx,,,
backend/internal/humancalling/outbound.go,774,*Module.applyOutboundBridge,transaction,tx,Rollback,,,
backend/internal/humancalling/outbound.go,780,*Module.applyOutboundBridge,transaction,tx,Commit,,,
backend/internal/humancalling/outbound.go,784,*Module.applyOutboundBridge,statement,tx,QueryRow,select | update,human_calling_call_legs | human_calling_calls | of,
backend/internal/humancalling/outbound.go,821,*Module.applyOutboundBridge,statement,tx,Exec,update,human_calling_provider_commands,
backend/internal/humancalling/outbound.go,832,*Module.applyOutboundBridge,statement,tx,Exec,update,human_calling_calls,
backend/internal/humancalling/outbound.go,847,*Module.applyOutboundBridge,transaction,tx,Commit,,,
backend/internal/humancalling/outbound.go,855,*Module.applyOutboundStaffBridge,transaction,m.database,BeginTx,,,
backend/internal/humancalling/outbound.go,859,*Module.applyOutboundStaffBridge,transaction,tx,Rollback,,,
backend/internal/humancalling/outbound.go,865,*Module.applyOutboundStaffBridge,transaction,tx,Commit,,,
backend/internal/humancalling/outbound.go,869,*Module.applyOutboundStaffBridge,statement,tx,QueryRow,select | update,human_calling_call_legs | human_calling_calls | of,
backend/internal/humancalling/outbound.go,906,*Module.applyOutboundStaffBridge,statement,tx,Exec,update,human_calling_provider_commands,
backend/internal/humancalling/outbound.go,924,*Module.applyOutboundStaffBridge,statement,tx,Exec,update,human_calling_calls,
backend/internal/humancalling/outbound.go,932,*Module.applyOutboundStaffBridge,transaction,tx,Commit,,,
backend/internal/humancalling/outbound.go,945,*Module.applyOutboundRingtoneFact,transaction,m.database,BeginTx,,,
backend/internal/humancalling/outbound.go,949,*Module.applyOutboundRingtoneFact,transaction,tx,Rollback,,,
backend/internal/humancalling/outbound.go,955,*Module.applyOutboundRingtoneFact,transaction,tx,Commit,,,
backend/internal/humancalling/outbound.go,958,*Module.applyOutboundRingtoneFact,statement,tx,QueryRow,select,human_calling_call_legs | human_calling_calls | human_calling_provider_commands,
backend/internal/humancalling/outbound.go,983,*Module.applyOutboundRingtoneFact,transaction,tx,Commit,,,
backend/internal/humancalling/outgoing_callleg_control.go,86,*Module.claimNextCallLegCommand,transaction,m.database,BeginTx,,,
backend/internal/humancalling/outgoing_callleg_control.go,90,*Module.claimNextCallLegCommand,transaction,tx,Rollback,,,
backend/internal/humancalling/outgoing_callleg_control.go,93,*Module.claimNextCallLegCommand,statement,tx,QueryRow,,,nextCallLegCommandQuery
backend/internal/humancalling/outgoing_callleg_control.go,97,*Module.claimNextCallLegCommand,transaction,tx,Commit,,,
backend/internal/humancalling/outgoing_callleg_control.go,107,*Module.claimNextCallLegCommand,statement,tx,QueryRow,select | update,human_calling_call_legs,
backend/internal/humancalling/outgoing_callleg_control.go,115,*Module.claimNextCallLegCommand,statement,tx,Exec,update,human_calling_provider_commands,
backend/internal/humancalling/outgoing_callleg_control.go,126,*Module.claimNextCallLegCommand,transaction,tx,Commit,,,
backend/internal/humancalling/outgoing_callleg_control.go,134,*Module.claimCallLegCommand,transaction,m.database,BeginTx,,,
backend/internal/humancalling/outgoing_callleg_control.go,138,*Module.claimCallLegCommand,transaction,tx,Rollback,,,
backend/internal/humancalling/outgoing_callleg_control.go,140,*Module.claimCallLegCommand,statement,tx,QueryRow,select,human_calling_provider_commands,
backend/internal/humancalling/outgoing_callleg_control.go,151,*Module.claimCallLegCommand,statement,tx,QueryRow,select | update,human_calling_calls,
backend/internal/humancalling/outgoing_callleg_control.go,159,*Module.claimCallLegCommand,statement,tx,QueryRow,select | update,human_calling_call_legs,
backend/internal/humancalling/outgoing_callleg_control.go,167,*Module.claimCallLegCommand,statement,tx,Exec,select | update,human_calling_provider_commands,
backend/internal/humancalling/outgoing_callleg_control.go,184,*Module.claimCallLegCommand,transaction,tx,Commit,,,
backend/internal/humancalling/outgoing_callleg_control.go,196,*Module.executeCallLegCommand,statement,m.database,QueryRow,select,human_calling_provider_commands,
backend/internal/humancalling/outgoing_callleg_control.go,225,*Module.executeCallLegCommand,statement,m.database,QueryRow,select,human_calling_provider_commands,
backend/internal/humancalling/outgoing_callleg_control.go,276,*Module.finishCallLegCommand,transaction,m.database,BeginTx,,,
backend/internal/humancalling/outgoing_callleg_control.go,280,*Module.finishCallLegCommand,transaction,tx,Rollback,,,
backend/internal/humancalling/outgoing_callleg_control.go,291,*Module.finishCallLegCommand,statement,tx,QueryRow,select,human_calling_call_legs | human_calling_calls | human_calling_timeline,
backend/internal/humancalling/outgoing_callleg_control.go,313,*Module.finishCallLegCommand,statement,tx,QueryRow,select,human_calling_call_legs | human_calling_calls,
backend/internal/humancalling/outgoing_callleg_control.go,335,*Module.finishCallLegCommand,statement,tx,Exec,update,human_calling_provider_commands,
backend/internal/humancalling/outgoing_callleg_control.go,364,*Module.finishCallLegCommand,statement,tx,Exec,select | update,human_calling_credentials | human_calling_provider_commands,
backend/internal/humancalling/outgoing_callleg_control.go,376,*Module.finishCallLegCommand,statement,tx,Exec,select | update,human_calling_credentials | human_calling_provider_commands,
backend/internal/humancalling/outgoing_callleg_control.go,387,*Module.finishCallLegCommand,statement,tx,Exec,select | update,human_calling_credentials | human_calling_provider_commands,
backend/internal/humancalling/outgoing_callleg_control.go,402,*Module.finishCallLegCommand,statement,tx,Exec,update,human_calling_call_legs,
backend/internal/humancalling/outgoing_callleg_control.go,411,*Module.finishCallLegCommand,statement,tx,Exec,update,human_calling_call_legs,
backend/internal/humancalling/outgoing_callleg_control.go,422,*Module.finishCallLegCommand,statement,tx,QueryRow,select | update,human_calling_call_legs | human_calling_calls | of,
backend/internal/humancalling/outgoing_callleg_control.go,452,*Module.finishCallLegCommand,statement,tx,Exec,update,human_calling_provider_commands,
backend/internal/humancalling/outgoing_callleg_control.go,473,*Module.finishCallLegCommand,statement,tx,QueryRow,select,human_calling_staff_transfers,
backend/internal/humancalling/outgoing_callleg_control.go,488,*Module.finishCallLegCommand,statement,tx,QueryRow,select,human_calling_call_legs,
backend/internal/humancalling/outgoing_callleg_control.go,508,*Module.finishCallLegCommand,statement,tx,Exec,update,human_calling_call_legs,
backend/internal/humancalling/outgoing_callleg_control.go,517,*Module.finishCallLegCommand,transaction,tx,Commit,,,
backend/internal/humancalling/outgoing_callleg_control.go,526,lockCallThenCallLegForCommandMutation,statement,tx,QueryRow,select,human_calling_call_legs,
backend/internal/humancalling/outgoing_callleg_control.go,534,lockCallThenCallLegForCommandMutation,statement,tx,QueryRow,select | update,human_calling_calls,
backend/internal/humancalling/outgoing_callleg_control.go,543,lockCallThenCallLegForCommandMutation,statement,tx,QueryRow,select | update,human_calling_call_legs,
backend/internal/humancalling/outgoing_callleg_control.go,571,*Module.failDialCallLeg,statement,tx,Exec,update,human_calling_call_legs,
backend/internal/humancalling/outgoing_callleg_control.go,579,*Module.failDialCallLeg,statement,tx,Exec,update,human_calling_call_legs | human_calling_softphone_leases,
backend/internal/humancalling/outgoing_callleg_control.go,593,*Module.failDialCallLeg,statement,tx,QueryRow,select,human_calling_call_legs,
backend/internal/humancalling/outgoing_callleg_control.go,598,*Module.failDialCallLeg,statement,tx,Exec,update,human_calling_calls,
backend/internal/humancalling/outgoing_callleg_control.go,615,*Module.failBridgeCallLeg,statement,tx,Exec,update,human_calling_call_legs,
backend/internal/humancalling/outgoing_callleg_control.go,627,*Module.failBridgeCallLeg,statement,tx,QueryRow,select,human_calling_call_legs,
backend/internal/humancalling/outgoing_callleg_control.go,633,*Module.failBridgeCallLeg,statement,tx,Exec,update,human_calling_call_recordings,
backend/internal/humancalling/outgoing_callleg_control.go,653,*Module.failBridgeCallLeg,statement,tx,Exec,update,human_calling_calls,
backend/internal/humancalling/outgoing_callleg_control.go,678,*Module.insertCallLegCommand,statement,tx,QueryRow,select,human_calling_provider_commands,
backend/internal/humancalling/outgoing_callleg_control.go,693,*Module.insertCallLegCommand,statement,tx,QueryRow,select | update,human_calling_provider_commands,
backend/internal/humancalling/outgoing_callleg_control.go,719,*Module.insertCallLegCommand,statement,tx,Exec,insert,human_calling_provider_commands,
backend/internal/humancalling/outgoing_callleg_control_maintenance.go,45,*Module.recoverInterruptedCommandOwnership,statement,tx,Exec,select | update,human_calling_calls | human_calling_provider_commands | human_calling_timeline,ownerPredicate
backend/internal/humancalling/outgoing_callleg_control_maintenance.go,225,*Module.recoverInterruptedCommands,transaction,m.database,BeginTx,,,
backend/internal/humancalling/outgoing_callleg_control_maintenance.go,229,*Module.recoverInterruptedCommands,transaction,tx,Rollback,,,
backend/internal/humancalling/outgoing_callleg_control_maintenance.go,231,*Module.recoverInterruptedCommands,statement,tx,QueryRow,,,interruptedCallLegCommandQuery
backend/internal/humancalling/outgoing_callleg_control_maintenance.go,235,*Module.recoverInterruptedCommands,transaction,tx,Commit,,,
backend/internal/humancalling/outgoing_callleg_control_maintenance.go,242,*Module.recoverInterruptedCommands,statement,tx,QueryRow,select | update,human_calling_call_legs,
backend/internal/humancalling/outgoing_callleg_control_maintenance.go,256,*Module.recoverInterruptedCommands,transaction,tx,Commit,,,
backend/internal/humancalling/outgoing_callleg_control_maintenance.go,277,*Module.reconcileNeverStartedTerminalCallLeg,transaction,m.database,BeginTx,,,
backend/internal/humancalling/outgoing_callleg_control_maintenance.go,281,*Module.reconcileNeverStartedTerminalCallLeg,transaction,tx,Rollback,,,
backend/internal/humancalling/outgoing_callleg_control_maintenance.go,284,*Module.reconcileNeverStartedTerminalCallLeg,statement,tx,QueryRow,,,terminalNeverStartedCallLegQuery
backend/internal/humancalling/outgoing_callleg_control_maintenance.go,287,*Module.reconcileNeverStartedTerminalCallLeg,transaction,tx,Commit,,,
backend/internal/humancalling/outgoing_callleg_control_maintenance.go,293,*Module.reconcileNeverStartedTerminalCallLeg,statement,tx,Exec,update,human_calling_call_legs,
backend/internal/humancalling/outgoing_callleg_control_maintenance.go,301,*Module.reconcileNeverStartedTerminalCallLeg,statement,tx,Exec,update,human_calling_provider_commands,
backend/internal/humancalling/outgoing_callleg_control_maintenance.go,323,*Module.reconcileNeverStartedTerminalCallLeg,statement,tx,Exec,update,human_calling_calls,
backend/internal/humancalling/outgoing_callleg_control_maintenance.go,333,*Module.reconcileNeverStartedTerminalCallLeg,transaction,tx,Commit,,,
backend/internal/humancalling/outgoing_callleg_control_maintenance.go,358,*Module.reconcileStaleCallLeg,transaction,m.database,BeginTx,,,
backend/internal/humancalling/outgoing_callleg_control_maintenance.go,362,*Module.reconcileStaleCallLeg,transaction,tx,Rollback,,,
backend/internal/humancalling/outgoing_callleg_control_maintenance.go,369,*Module.reconcileStaleCallLeg,statement,tx,QueryRow,,,staleCallLegCandidateQuery
backend/internal/humancalling/outgoing_callleg_control_maintenance.go,376,*Module.reconcileStaleCallLeg,transaction,tx,Commit,,,
backend/internal/humancalling/outgoing_callleg_control_maintenance.go,382,*Module.reconcileStaleCallLeg,statement,tx,Exec,update,human_calling_call_legs,
backend/internal/humancalling/outgoing_callleg_control_maintenance.go,387,*Module.reconcileStaleCallLeg,transaction,tx,Commit,,,
backend/internal/humancalling/outgoing_callleg_control_maintenance.go,500,*Module.reconcileStaleCallLeg,statement,m.database,QueryRow,select,human_calling_provider_commands,
backend/internal/humancalling/outgoing_callleg_control_maintenance.go,611,*Module.markUnobservedStopRingWindowAmbiguous,transaction,m.database,BeginTx,,,
backend/internal/humancalling/outgoing_callleg_control_maintenance.go,615,*Module.markUnobservedStopRingWindowAmbiguous,transaction,tx,Rollback,,,
backend/internal/humancalling/outgoing_callleg_control_maintenance.go,620,*Module.markUnobservedStopRingWindowAmbiguous,statement,tx,Exec,update,human_calling_provider_commands,
backend/internal/humancalling/outgoing_callleg_control_maintenance.go,630,*Module.markUnobservedStopRingWindowAmbiguous,transaction,tx,Commit,,,
backend/internal/humancalling/outgoing_callleg_control_maintenance.go,637,*Module.markUnobservedStopRingWindowAmbiguous,transaction,tx,Commit,,,
backend/internal/humancalling/outgoing_callleg_control_maintenance.go,656,*Module.quarantineStaleCallLeg,transaction,m.database,BeginTx,,,
backend/internal/humancalling/outgoing_callleg_control_maintenance.go,660,*Module.quarantineStaleCallLeg,transaction,tx,Rollback,,,
backend/internal/humancalling/outgoing_callleg_control_maintenance.go,662,*Module.quarantineStaleCallLeg,statement,tx,QueryRow,select | update,human_calling_calls,
backend/internal/humancalling/outgoing_callleg_control_maintenance.go,678,*Module.quarantineStaleCallLeg,statement,tx,Exec,update,human_calling_call_legs,
backend/internal/humancalling/outgoing_callleg_control_maintenance.go,689,*Module.quarantineStaleCallLeg,statement,tx,Exec,update,human_calling_provider_commands,
backend/internal/humancalling/outgoing_callleg_control_maintenance.go,716,*Module.quarantineStaleCallLeg,transaction,tx,Commit,,,
backend/internal/humancalling/outgoing_callleg_control_maintenance.go,732,*Module.terminalizeStopRingWindow,transaction,m.database,BeginTx,,,
backend/internal/humancalling/outgoing_callleg_control_maintenance.go,736,*Module.terminalizeStopRingWindow,transaction,tx,Rollback,,,
backend/internal/humancalling/outgoing_callleg_control_maintenance.go,741,*Module.terminalizeStopRingWindow,statement,tx,Exec,update,human_calling_calls | human_calling_provider_commands,
backend/internal/humancalling/outgoing_callleg_control_maintenance.go,763,*Module.terminalizeStopRingWindow,transaction,tx,Commit,,,
backend/internal/humancalling/outgoing_callleg_control_maintenance.go,781,*Module.terminalizeStopRingWindow,statement,tx,QueryRow,select,human_calling_timeline,
backend/internal/humancalling/outgoing_callleg_control_maintenance.go,807,*Module.terminalizeStopRingWindow,transaction,tx,Commit,,,
backend/internal/humancalling/outgoing_callleg_control_maintenance.go,820,*Module.expireUnconfirmedOutboundMedia,transaction,m.database,BeginTx,,,
backend/internal/humancalling/outgoing_callleg_control_maintenance.go,824,*Module.expireUnconfirmedOutboundMedia,transaction,tx,Rollback,,,
backend/internal/humancalling/outgoing_callleg_control_maintenance.go,826,*Module.expireUnconfirmedOutboundMedia,statement,tx,QueryRow,select | update,human_calling_call_legs | human_calling_calls | of,
backend/internal/humancalling/outgoing_callleg_control_maintenance.go,848,*Module.expireUnconfirmedOutboundMedia,transaction,tx,Commit,,,
backend/internal/humancalling/outgoing_callleg_control_maintenance.go,853,*Module.expireUnconfirmedOutboundMedia,statement,tx,Exec,update,human_calling_calls,
backend/internal/humancalling/outgoing_callleg_control_maintenance.go,866,*Module.expireUnconfirmedOutboundMedia,statement,tx,Exec,update,human_calling_call_legs,
backend/internal/humancalling/outgoing_callleg_control_maintenance.go,882,*Module.expireUnconfirmedOutboundMedia,transaction,tx,Commit,,,
backend/internal/humancalling/outgoing_callleg_control_maintenance.go,895,*Module.markUnobservedCommandAmbiguous,statement,m.database,Exec,update,human_calling_provider_commands,
backend/internal/humancalling/outgoing_callleg_control_maintenance.go,923,*Module.rejectUnobservedCommand,transaction,m.database,BeginTx,,,
backend/internal/humancalling/outgoing_callleg_control_maintenance.go,927,*Module.rejectUnobservedCommand,transaction,tx,Rollback,,,
backend/internal/humancalling/outgoing_callleg_control_maintenance.go,931,*Module.rejectUnobservedCommand,statement,tx,Exec,update,human_calling_provider_commands,
backend/internal/humancalling/outgoing_callleg_control_maintenance.go,941,*Module.rejectUnobservedCommand,transaction,tx,Commit,,,
backend/internal/humancalling/outgoing_callleg_control_maintenance.go,944,*Module.rejectUnobservedCommand,statement,tx,QueryRow,select,human_calling_provider_commands,
backend/internal/humancalling/outgoing_callleg_control_maintenance.go,956,*Module.rejectUnobservedCommand,statement,tx,QueryRow,select,human_calling_staff_transfers,
backend/internal/humancalling/outgoing_callleg_control_maintenance.go,969,*Module.rejectUnobservedCommand,statement,tx,QueryRow,select,human_calling_call_legs,
backend/internal/humancalling/outgoing_callleg_control_maintenance.go,981,*Module.rejectUnobservedCommand,statement,tx,QueryRow,select,human_calling_call_legs | human_calling_provider_commands,
backend/internal/humancalling/outgoing_callleg_control_maintenance.go,1003,*Module.rejectUnobservedCommand,transaction,tx,Commit,,,
backend/internal/humancalling/outgoing_callleg_control_maintenance.go,1023,*Module.recordDegradedCallerAudio,statement,tx,QueryRow,select,human_calling_call_legs | human_calling_calls,
backend/internal/humancalling/outgoing_callleg_control_transitions.go,32,*Module.finishEndedCallLeg,statement,tx,QueryRow,select,human_calling_call_legs | human_calling_calls | human_calling_provider_commands,
backend/internal/humancalling/outgoing_callleg_control_transitions.go,69,*Module.finishEndedCallLeg,statement,tx,Exec,update,human_calling_call_legs,
backend/internal/humancalling/outgoing_callleg_control_transitions.go,121,*Module.finishEndedCallLeg,statement,tx,Exec,update,human_calling_calls,
backend/internal/humancalling/outgoing_callleg_control_transitions.go,140,*Module.finishEndedCallLeg,statement,tx,Exec,update,human_calling_calls,
backend/internal/humancalling/outgoing_callleg_control_transitions.go,154,*Module.finishEndedCallLeg,statement,tx,Exec,update,human_calling_calls,
backend/internal/humancalling/outgoing_callleg_control_transitions.go,168,*Module.finishEndedCallLeg,statement,tx,Exec,update,human_calling_calls,
backend/internal/humancalling/outgoing_callleg_control_transitions.go,205,*Module.startCallLegVoicemail,statement,tx,QueryRow,select,human_calling_provider_commands,
backend/internal/humancalling/outgoing_callleg_control_transitions.go,222,*Module.startCallLegVoicemail,statement,tx,QueryRow,select,human_calling_location_voice_numbers,
backend/internal/humancalling/outgoing_callleg_control_transitions.go,256,*Module.maybeStartVoicemailAfterRingCompleted,statement,tx,QueryRow,select | update,human_calling_call_legs | human_calling_calls | human_calling_provider_commands | human_calling_timeline | of,
backend/internal/humancalling/outgoing_callleg_control_transitions.go,299,*Module.endRemainingCallLegs,statement,tx,QueryRow,select,human_calling_calls,
backend/internal/humancalling/outgoing_callleg_control_transitions.go,321,*Module.endCallLegs,statement,tx,Exec,update,human_calling_provider_commands,
backend/internal/humancalling/outgoing_callleg_control_transitions.go,328,*Module.endCallLegs,statement,tx,Query,select | update,human_calling_call_legs,
backend/internal/humancalling/outgoing_callleg_control_transitions.go,360,*Module.endCallLegs,statement,tx,Exec,update,human_calling_provider_commands,
backend/internal/humancalling/outgoing_callleg_control_transitions.go,372,*Module.endCallLegs,statement,tx,Exec,update,human_calling_call_legs,
backend/internal/humancalling/outgoing_callleg_control_transitions.go,390,*Module.endCallLegs,statement,tx,Exec,update,human_calling_call_legs,
backend/internal/humancalling/outgoing_callleg_control_transitions.go,421,*Module.failRoutingCall,statement,tx,QueryRow,select | update,human_calling_call_legs,
backend/internal/humancalling/outgoing_callleg_control_transitions.go,448,*Module.failRoutingCall,statement,tx,Exec,update,human_calling_call_legs,
backend/internal/humancalling/receipt_audit.go,60,*Module.AuditProviderReceipts,transaction,m.database,BeginTx,,,
backend/internal/humancalling/receipt_audit.go,67,*Module.AuditProviderReceipts,transaction,tx,Rollback,,,
backend/internal/humancalling/receipt_audit.go,75,*Module.AuditProviderReceipts,statement,tx,Query,select,human_calling_provider_receipts,
backend/internal/humancalling/receipt_audit.go,119,*Module.AuditProviderReceipts,transaction,tx,Commit,,,
backend/internal/humancalling/receipt_audit.go,135,readProviderReceiptOutcomeGroups,statement,tx,Query,select,bounded | human_calling_provider_receipts,
backend/internal/humancalling/softphone.go,32,*Module.AcquireSoftphone,transaction,m.database,BeginTx,,,
backend/internal/humancalling/softphone.go,36,*Module.AcquireSoftphone,transaction,tx,Rollback,,,
backend/internal/humancalling/softphone.go,41,*Module.AcquireSoftphone,statement,tx,Query,select | update,access_membership_locations | access_operational_scopes | human_calling_call_legs | human_calling_calls | of,
backend/internal/humancalling/softphone.go,90,*Module.AcquireSoftphone,statement,tx,QueryRow,select | update,human_calling_softphone_leases,
backend/internal/humancalling/softphone.go,98,*Module.AcquireSoftphone,transaction,tx,Commit,,,
backend/internal/humancalling/softphone.go,115,*Module.AcquireSoftphone,statement,tx,QueryRow,insert | update,human_calling_softphone_leases | set,
backend/internal/humancalling/softphone.go,138,*Module.AcquireSoftphone,transaction,tx,Commit,,,
backend/internal/humancalling/softphone.go,149,*Module.AcquireSoftphone,statement,tx,Exec,select | update,access_membership_locations | human_calling_call_legs | human_calling_calls,
backend/internal/humancalling/softphone.go,182,*Module.AcquireSoftphone,transaction,tx,Commit,,,
backend/internal/humancalling/softphone.go,200,*Module.SetReadiness,transaction,m.database,BeginTx,,,
backend/internal/humancalling/softphone.go,204,*Module.SetReadiness,transaction,tx,Rollback,,,
backend/internal/humancalling/softphone.go,208,*Module.SetReadiness,statement,tx,Query,select | update,human_calling_call_legs | human_calling_calls | of,
backend/internal/humancalling/softphone.go,233,*Module.SetReadiness,statement,tx,QueryRow,select | update,human_calling_softphone_leases,
backend/internal/humancalling/softphone.go,254,*Module.SetReadiness,statement,tx,QueryRow,select | update,human_calling_call_legs | human_calling_calls | human_calling_softphone_leases,
backend/internal/humancalling/softphone.go,298,*Module.SetReadiness,transaction,tx,Commit,,,
backend/internal/humancalling/softphone.go,314,*Module.loadCurrentCallCapacity,statement,m.database,QueryRow,select,access_membership_locations | access_operational_scopes | human_calling_call_legs | human_calling_calls | occupied,
backend/internal/humancalling/softphone.go,364,*Module.loadCurrentCallCapacity,statement,m.database,QueryRow,select,access_membership_locations | access_operational_scopes | human_calling_call_legs | human_calling_calls,
backend/internal/humancalling/staff_transfer.go,102,*Module.ListTransferCandidates,transaction,m.database,BeginTx,,,
backend/internal/humancalling/staff_transfer.go,106,*Module.ListTransferCandidates,transaction,tx,Rollback,,,
backend/internal/humancalling/staff_transfer.go,119,*Module.ListTransferCandidates,transaction,tx,Commit,,,
backend/internal/humancalling/staff_transfer.go,140,*Module.RequestStaffTransfer,transaction,m.database,BeginTx,,,
backend/internal/humancalling/staff_transfer.go,144,*Module.RequestStaffTransfer,transaction,tx,Rollback,,,
backend/internal/humancalling/staff_transfer.go,149,*Module.RequestStaffTransfer,transaction,tx,Commit,,,
backend/internal/humancalling/staff_transfer.go,165,*Module.RequestStaffTransfer,transaction,tx,Commit,,,
backend/internal/humancalling/staff_transfer.go,192,*Module.RequestStaffTransfer,statement,tx,QueryRow,select | update,human_calling_call_legs | human_calling_calls | of,
backend/internal/humancalling/staff_transfer.go,211,*Module.RequestStaffTransfer,statement,tx,QueryRow,select | update,human_calling_credentials | human_calling_softphone_leases | of,
backend/internal/humancalling/staff_transfer.go,231,*Module.RequestStaffTransfer,statement,tx,QueryRow,select,human_calling_call_legs,
backend/internal/humancalling/staff_transfer.go,239,*Module.RequestStaffTransfer,statement,tx,Exec,insert,human_calling_call_legs,
backend/internal/humancalling/staff_transfer.go,275,*Module.RequestStaffTransfer,statement,tx,Exec,insert,human_calling_staff_transfers,
backend/internal/humancalling/staff_transfer.go,293,*Module.RequestStaffTransfer,statement,tx,Exec,update,human_calling_calls,
backend/internal/humancalling/staff_transfer.go,307,*Module.RequestStaffTransfer,transaction,tx,Commit,,,
backend/internal/humancalling/staff_transfer.go,313,*Module.RequestStaffTransfer,statement,m.database,QueryRow,,,staffTransferSelect
backend/internal/humancalling/staff_transfer.go,330,*Module.idempotentStaffTransfer,statement,tx,QueryRow,select,human_calling_staff_transfers,
backend/internal/humancalling/staff_transfer.go,390,*Module.respondStaffTransfer,transaction,m.database,BeginTx,,,
backend/internal/humancalling/staff_transfer.go,394,*Module.respondStaffTransfer,transaction,tx,Rollback,,,
backend/internal/humancalling/staff_transfer.go,399,*Module.respondStaffTransfer,statement,tx,Exec,select | update,human_calling_calls,
backend/internal/humancalling/staff_transfer.go,419,*Module.respondStaffTransfer,statement,tx,QueryRow,select,human_calling_staff_transfers,
backend/internal/humancalling/staff_transfer.go,427,*Module.respondStaffTransfer,statement,tx,QueryRow,select | update,human_calling_softphone_leases,
backend/internal/humancalling/staff_transfer.go,452,*Module.respondStaffTransfer,transaction,tx,Commit,,,
backend/internal/humancalling/staff_transfer.go,459,*Module.ExpireStaffTransfers,transaction,m.database,BeginTx,,,
backend/internal/humancalling/staff_transfer.go,463,*Module.ExpireStaffTransfers,transaction,tx,Rollback,,,
backend/internal/humancalling/staff_transfer.go,465,*Module.ExpireStaffTransfers,statement,tx,QueryRow,select | update,human_calling_calls | human_calling_staff_transfers | of,
backend/internal/humancalling/staff_transfer.go,476,*Module.ExpireStaffTransfers,transaction,tx,Commit,,,
backend/internal/humancalling/staff_transfer.go,482,*Module.ExpireStaffTransfers,statement,tx,QueryRow,select | update,human_calling_staff_transfers,
backend/internal/humancalling/staff_transfer.go,491,*Module.ExpireStaffTransfers,transaction,tx,Commit,,,
backend/internal/humancalling/staff_transfer.go,499,*Module.ExpireStaffTransfers,transaction,tx,Commit,,,
backend/internal/humancalling/staff_transfer.go,514,*Module.lockTransferSource,statement,tx,QueryRow,select | update,human_calling_call_legs | human_calling_calls | of,
backend/internal/humancalling/staff_transfer.go,537,*Module.lockTransferSource,statement,tx,QueryRow,select | update,human_calling_softphone_leases,
backend/internal/humancalling/staff_transfer.go,554,*Module.transferCandidates,statement,tx,Query,select,access_membership_locations | access_memberships | access_platform_operators | human_calling_call_legs | human_calling_credentials | human_calling_softphone_leases,
backend/internal/humancalling/staff_transfer.go,650,readStaffTransfer,statement,tx,QueryRow,,,staffTransferSelect
backend/internal/humancalling/staff_transfer.go,658,readStaffTransferForUpdate,statement,tx,QueryRow,update,of,staffTransferSelect
backend/internal/humancalling/staff_transfer_projection.go,22,*Module.applyStaffTransferTargetFact,transaction,m.database,BeginTx,,,
backend/internal/humancalling/staff_transfer_projection.go,26,*Module.applyStaffTransferTargetFact,transaction,tx,Rollback,,,
backend/internal/humancalling/staff_transfer_projection.go,32,*Module.applyStaffTransferTargetFact,transaction,tx,Commit,,,
backend/internal/humancalling/staff_transfer_projection.go,46,*Module.applyStaffTransferTargetFact,statement,tx,Exec,update,human_calling_call_legs,
backend/internal/humancalling/staff_transfer_projection.go,64,*Module.applyStaffTransferTargetFact,statement,tx,Exec,update,human_calling_provider_commands,
backend/internal/humancalling/staff_transfer_projection.go,72,*Module.applyStaffTransferTargetFact,statement,tx,Exec,update,human_calling_call_legs,
backend/internal/humancalling/staff_transfer_projection.go,103,*Module.applyStaffTransferTargetFact,statement,tx,QueryRow,select,human_calling_staff_transfers,
backend/internal/humancalling/staff_transfer_projection.go,110,*Module.applyStaffTransferTargetFact,statement,tx,Exec,update,human_calling_call_legs,
backend/internal/humancalling/staff_transfer_projection.go,118,*Module.applyStaffTransferTargetFact,statement,tx,Exec,update,human_calling_staff_transfers,
backend/internal/humancalling/staff_transfer_projection.go,126,*Module.applyStaffTransferTargetFact,statement,tx,Exec,update,human_calling_softphone_leases,
backend/internal/humancalling/staff_transfer_projection.go,151,*Module.applyStaffTransferTargetFact,transaction,tx,Commit,,,
backend/internal/humancalling/staff_transfer_projection.go,162,*Module.applyStaffTransferBridge,transaction,m.database,BeginTx,,,
backend/internal/humancalling/staff_transfer_projection.go,166,*Module.applyStaffTransferBridge,transaction,tx,Rollback,,,
backend/internal/humancalling/staff_transfer_projection.go,172,*Module.applyStaffTransferBridge,transaction,tx,Commit,,,
backend/internal/humancalling/staff_transfer_projection.go,175,*Module.applyStaffTransferBridge,statement,tx,QueryRow,select | update,human_calling_calls,
backend/internal/humancalling/staff_transfer_projection.go,181,*Module.applyStaffTransferBridge,statement,tx,QueryRow,select | update,human_calling_staff_transfers,
backend/internal/humancalling/staff_transfer_projection.go,201,*Module.applyStaffTransferBridge,transaction,tx,Commit,,,
backend/internal/humancalling/staff_transfer_projection.go,212,*Module.applyStaffTransferBridge,transaction,tx,Commit,,,
backend/internal/humancalling/staff_transfer_projection.go,221,*Module.recordStaffTransferBridge,statement,tx,Exec,update,human_calling_staff_transfers,
backend/internal/humancalling/staff_transfer_projection.go,239,*Module.completeStaffTransferIfReady,statement,tx,QueryRow,select | update,human_calling_call_legs | human_calling_staff_transfers | of,
backend/internal/humancalling/staff_transfer_projection.go,277,*Module.completeStaffTransferIfReady,statement,tx,Exec,update,human_calling_call_legs,
backend/internal/humancalling/staff_transfer_projection.go,286,*Module.completeStaffTransferIfReady,statement,tx,Exec,update,human_calling_call_legs,
backend/internal/humancalling/staff_transfer_projection.go,294,*Module.completeStaffTransferIfReady,statement,tx,Exec,update,human_calling_staff_transfers,
backend/internal/humancalling/staff_transfer_projection.go,301,*Module.completeStaffTransferIfReady,statement,tx,Exec,update,human_calling_provider_commands,
backend/internal/humancalling/staff_transfer_projection.go,343,*Module.failStaffTransferTx,statement,tx,QueryRow,select | update,human_calling_call_legs | human_calling_provider_commands | human_calling_staff_transfers | of,
backend/internal/humancalling/staff_transfer_projection.go,373,*Module.failStaffTransferTx,statement,tx,Exec,update,human_calling_staff_transfers,
backend/internal/humancalling/staff_transfer_projection.go,387,*Module.failStaffTransferTx,statement,tx,QueryRow,update,human_calling_provider_commands,
backend/internal/humancalling/staff_transfer_projection.go,404,*Module.failStaffTransferTx,statement,tx,Exec,update,human_calling_call_legs,
backend/internal/humancalling/staff_transfer_projection.go,424,*Module.failStaffTransferTx,statement,tx,Exec,update,human_calling_call_legs,
backend/internal/humancalling/staff_transfer_projection.go,433,*Module.failStaffTransferTx,statement,tx,Exec,update,human_calling_softphone_leases,
backend/internal/humancalling/staff_transfer_projection.go,453,*Module.failStaffTransferTx,statement,tx,Exec,update,human_calling_calls,
backend/internal/humancalling/staff_transfer_projection.go,486,*Module.terminateCallAfterFailedTransfer,statement,tx,Exec,update,human_calling_calls,
backend/internal/humancalling/staff_transfer_projection.go,507,*Module.lockStaffTransferTarget,statement,tx,QueryRow,select | update,human_calling_calls,
backend/internal/humancalling/staff_transfer_projection.go,513,*Module.lockStaffTransferTarget,statement,tx,QueryRow,select | update,human_calling_call_legs | human_calling_staff_transfers | of,
backend/internal/humancalling/staff_transfer_projection.go,538,*Module.transferTargetStillEligible,statement,tx,QueryRow,select,access_membership_locations | access_memberships | human_calling_call_legs | human_calling_softphone_leases | human_calling_staff_transfers,
backend/internal/humancalling/staff_transfer_projection.go,579,*Module.advanceStaffTransferProjection,statement,tx,Exec,update,human_calling_calls,
backend/internal/humancalling/staff_transfer_projection.go,606,*Module.handleStaffTransferHangupTx,statement,tx,QueryRow,select | update,human_calling_staff_transfers,
backend/internal/humancalling/staff_transfer_projection.go,634,*Module.handleStaffTransferHangupTx,statement,tx,Exec,update,human_calling_staff_transfers,
backend/internal/humancalling/staff_transfer_projection.go,658,*Module.failRecipientTransfersForReadinessLoss,statement,tx,Query,select | update,human_calling_staff_transfers,
backend/internal/humancalling/staff_transfer_projection.go,700,*Module.lockActiveRecipientTransfers,statement,tx,Query,select | update,human_calling_staff_transfers,
backend/internal/humancalling/staff_transfer_projection.go,726,*Module.failCallTransfersTx,statement,tx,Query,select | update,human_calling_staff_transfers,
backend/internal/humancalling/state.go,135,*Module.readCallingState,statement,m.database,QueryRow,select,human_calling_softphone_leases,
backend/internal/humancalling/state.go,158,*Module.readCallingState,statement,m.database,Query,select,access_locations | access_membership_locations | access_memberships | access_operational_scopes | access_platform_operators | human_calling_call_legs | human_calling_calls | human_calling_handoffs | human_calling_provider_commands | human_calling_staff_transfers | lateral,
backend/internal/humancalling/state.go,269,*Module.readCallingState,statement,m.database,Query,select,access_calling_scopes | access_membership_locations,staffTransferSelect
backend/internal/humancalling/state.go,349,*Module.readStaffStateCall,statement,m.database,QueryRow,,,query
backend/internal/humancalling/state.go,367,*Module.readScopedVoicemailState,statement,m.database,QueryRow,select,access_calling_scopes | access_locations | access_membership_locations | human_calling_call_legs | human_calling_calls | human_calling_provider_commands,
backend/internal/humancalling/state.go,453,*Module.readCallingStateETag,statement,m.database,QueryRow,select,access_calling_scopes | access_membership_locations | human_calling_call_legs | human_calling_calls | human_calling_provider_commands | human_calling_softphone_leases | human_calling_staff_transfers | relevant_call_ids | relevant_calls | state_rows,
backend/internal/humancalling/voicemail.go,218,*Module.applyVoicemailSpeechFact,transaction,m.database,BeginTx,,,
backend/internal/humancalling/voicemail.go,222,*Module.applyVoicemailSpeechFact,transaction,tx,Rollback,,,
backend/internal/humancalling/voicemail.go,228,*Module.applyVoicemailSpeechFact,transaction,tx,Commit,,,
backend/internal/humancalling/voicemail.go,231,*Module.applyVoicemailSpeechFact,statement,tx,QueryRow,select | update,human_calling_call_legs | human_calling_calls | of,
backend/internal/humancalling/voicemail.go,253,*Module.applyVoicemailSpeechFact,statement,tx,Exec,update,human_calling_provider_commands,
backend/internal/humancalling/voicemail.go,274,*Module.applyVoicemailSpeechFact,statement,tx,Exec,update,human_calling_provider_commands,
backend/internal/humancalling/voicemail.go,301,*Module.applyVoicemailSpeechFact,transaction,tx,Commit,,,
backend/internal/humancalling/voicemail.go,315,*Module.applyVoicemailRecordingSaved,statement,m.database,QueryRow,select,human_calling_projected_facts,
backend/internal/humancalling/voicemail.go,338,*Module.applyVoicemailRecordingSaved,transaction,m.database,BeginTx,,,
backend/internal/humancalling/voicemail.go,342,*Module.applyVoicemailRecordingSaved,transaction,tx,Rollback,,,
backend/internal/humancalling/voicemail.go,348,*Module.applyVoicemailRecordingSaved,transaction,tx,Commit,,,
backend/internal/humancalling/voicemail.go,354,*Module.applyVoicemailRecordingSaved,statement,tx,QueryRow,select,human_calling_call_legs | human_calling_provider_commands,
backend/internal/humancalling/voicemail.go,374,*Module.applyVoicemailRecordingSaved,statement,tx,QueryRow,select | update,human_calling_voicemails,
backend/internal/humancalling/voicemail.go,383,*Module.applyVoicemailRecordingSaved,transaction,tx,Commit,,,
backend/internal/humancalling/voicemail.go,389,*Module.applyVoicemailRecordingSaved,statement,tx,Exec,update,human_calling_provider_commands,
backend/internal/humancalling/voicemail.go,400,*Module.applyVoicemailRecordingSaved,transaction,tx,Commit,,,
backend/internal/humancalling/voicemail.go,411,*Module.applyVoicemailRecordingError,transaction,m.database,BeginTx,,,
backend/internal/humancalling/voicemail.go,415,*Module.applyVoicemailRecordingError,transaction,tx,Rollback,,,
backend/internal/humancalling/voicemail.go,421,*Module.applyVoicemailRecordingError,transaction,tx,Commit,,,
backend/internal/humancalling/voicemail.go,427,*Module.applyVoicemailRecordingError,statement,tx,QueryRow,select | update,human_calling_voicemails,
backend/internal/humancalling/voicemail.go,436,*Module.applyVoicemailRecordingError,transaction,tx,Commit,,,
backend/internal/humancalling/voicemail.go,442,*Module.applyVoicemailRecordingError,statement,tx,Exec,update,human_calling_voicemails,
backend/internal/humancalling/voicemail.go,451,*Module.applyVoicemailRecordingError,transaction,tx,Commit,,,
backend/internal/humancalling/voicemail.go,461,*Module.requireExactVoicemailCaller,statement,tx,QueryRow,select | update,human_calling_call_legs | human_calling_calls | of,
backend/internal/humancalling/voicemail.go,492,*Module.ensureRecoveryOutcome,statement,tx,QueryRow,select | update,human_calling_calls | human_calling_handoffs | of,
backend/internal/humancalling/voicemail.go,515,*Module.ensureRecoveryOutcome,statement,tx,Exec,insert | update,human_calling_voicemails | set,
backend/internal/humancalling/voicemail.go,534,*Module.ensureRecoveryOutcome,statement,tx,Exec,insert | update,human_calling_voicemails | set,
backend/internal/humancalling/voicemail.go,547,*Module.ensureRecoveryOutcome,statement,tx,Exec,update,human_calling_calls,
backend/internal/humancalling/voicemail.go,569,*Module.endVoicemailCaller,statement,tx,QueryRow,select | update,human_calling_call_legs,
backend/internal/humancalling/voicemail.go,575,*Module.endVoicemailCaller,statement,tx,Exec,update,human_calling_call_legs,
backend/internal/humancalling/voicemail.go,698,*Module.openPlayback,transaction,m.database,BeginTx,,,
backend/internal/humancalling/voicemail.go,702,*Module.openPlayback,transaction,tx,Rollback,,,
backend/internal/humancalling/voicemail.go,708,*Module.openPlayback,statement,tx,QueryRow,select,human_calling_call_recordings,
backend/internal/humancalling/voicemail.go,718,*Module.openPlayback,statement,tx,QueryRow,select,human_calling_voicemails,
backend/internal/humancalling/voicemail.go,740,*Module.openPlayback,transaction,tx,Commit,,,
backend/internal/humancalling/webhook.go,79,*Module.ReceiveWebhook,transaction,m.database,BeginTx,,,
backend/internal/humancalling/webhook.go,83,*Module.ReceiveWebhook,transaction,tx,Rollback,,,
backend/internal/humancalling/webhook.go,91,*Module.ReceiveWebhook,statement,tx,QueryRow,insert,human_calling_provider_receipts,
backend/internal/humancalling/webhook.go,112,*Module.ReceiveWebhook,statement,tx,QueryRow,select | update,human_calling_provider_receipts,
backend/internal/humancalling/webhook.go,131,*Module.ReceiveWebhook,statement,tx,Exec,update,human_calling_provider_receipts,
backend/internal/humancalling/webhook.go,139,*Module.ReceiveWebhook,transaction,tx,Commit,,,
backend/internal/humancalling/webhook.go,205,*Module.RequeueQuarantinedReceipt,transaction,m.database,BeginTx,,,
backend/internal/humancalling/webhook.go,212,*Module.RequeueQuarantinedReceipt,transaction,tx,Rollback,,,
backend/internal/humancalling/webhook.go,215,*Module.RequeueQuarantinedReceipt,statement,tx,QueryRow,select,access_locations,
backend/internal/humancalling/webhook.go,258,*Module.RequeueQuarantinedReceipt,statement,tx,QueryRow,select | update,human_calling_calls | human_calling_provider_receipts | of,
backend/internal/humancalling/webhook.go,296,*Module.RequeueQuarantinedReceipt,statement,tx,QueryRow,update,human_calling_provider_receipts,
backend/internal/humancalling/webhook.go,336,*Module.RequeueQuarantinedReceipt,transaction,tx,Commit,,,
backend/internal/humancalling/webhook.go,351,*Module.resolveQuarantinedReceiptReference,statement,tx,Query,select,human_calling_calls | human_calling_provider_receipts,
backend/internal/humancalling/webhook.go,379,*Module.ProcessNextReceipt,transaction,m.database,BeginTx,,,
backend/internal/humancalling/webhook.go,383,*Module.ProcessNextReceipt,transaction,tx,Rollback,,,
backend/internal/humancalling/webhook.go,388,*Module.ProcessNextReceipt,statement,tx,QueryRow,select | update,human_calling_provider_receipts | skip,
backend/internal/humancalling/webhook.go,405,*Module.ProcessNextReceipt,transaction,tx,Commit,,,
backend/internal/humancalling/webhook.go,413,*Module.ProcessNextReceipt,statement,tx,QueryRow,update,human_calling_provider_receipts,
backend/internal/humancalling/webhook.go,425,*Module.ProcessNextReceipt,transaction,tx,Commit,,,
backend/internal/humancalling/webhook.go,452,*Module.ProcessNextReceipt,statement,m.database,Exec,update,human_calling_provider_receipts,
backend/internal/humancalling/webhook.go,543,*Module.wakeRelatedReceipts,statement,m.database,Exec,select | update,current_receipt | human_calling_provider_receipts,
backend/internal/humancalling/webhook.go,586,*Module.rememberRejectedProviderLeg,statement,m.database,Exec,insert,human_calling_rejected_provider_legs,
backend/internal/humancalling/webhook.go,611,*Module.providerLegWasRejected,statement,m.database,QueryRow,select,human_calling_rejected_provider_legs,
backend/internal/humancalling/webhook.go,633,*Module.restoreRejectedProviderLeg,statement,m.database,QueryRow,insert | select,historical_rejection | human_calling_provider_receipts | human_calling_rejected_provider_legs | remembered,
backend/internal/humancalling/webhook.go,701,*Module.attachReceiptCall,statement,m.database,Exec,update,human_calling_calls | human_calling_provider_receipts,
backend/internal/humancalling/webhook.go,719,*Module.attachReceiptCall,statement,m.database,Exec,update,human_calling_call_legs | human_calling_provider_receipts,
backend/internal/humancalling/webhook.go,823,claimProviderFact,statement,tx,QueryRow,insert,human_calling_projected_facts,
backend/internal/interaction/analytics.go,168,*Module.QueryAnalytics,transaction,m.database,BeginTx,,,
backend/internal/interaction/analytics.go,172,*Module.QueryAnalytics,transaction,tx,Rollback,,,
backend/internal/interaction/analytics.go,210,*Module.QueryAnalytics,transaction,tx,Commit,,,
backend/internal/interaction/analytics.go,232,queryAnalyticsSummary,statement,tx,Query,select,ai_interactions,
backend/internal/interaction/analytics.go,341,queryAnalyticsCalls,statement,tx,Query,select,access_locations | ai_interactions,
backend/internal/interaction/analytics.go,416,*Module.ReadOperatorAnalytics,transaction,m.database,BeginTx,,,
backend/internal/interaction/analytics.go,420,*Module.ReadOperatorAnalytics,transaction,tx,Rollback,,,
backend/internal/interaction/analytics.go,421,*Module.ReadOperatorAnalytics,statement,tx,QueryRow,,,interactionSelect
backend/internal/interaction/analytics.go,446,*Module.ReadOperatorAnalytics,transaction,tx,Commit,,,
backend/internal/interaction/interaction.go,204,*Module.read,transaction,m.database,BeginTx,,,
backend/internal/interaction/interaction.go,208,*Module.read,transaction,tx,Rollback,,,
backend/internal/interaction/interaction.go,209,*Module.read,statement,tx,QueryRow,,,interactionSelect
backend/internal/interaction/interaction.go,236,*Module.read,transaction,tx,Commit,,,
backend/internal/interaction/interaction.go,268,*Module.QueryOutcomes,transaction,m.database,BeginTx,,,
backend/internal/interaction/interaction.go,272,*Module.QueryOutcomes,transaction,tx,Rollback,,,
backend/internal/interaction/interaction.go,300,*Module.QueryOutcomes,statement,tx,QueryRow,select,ai_interaction_attention | ai_interactions | lateral | work_tasks,
backend/internal/interaction/interaction.go,344,*Module.QueryOutcomes,statement,tx,Query,select,access_locations | ai_interaction_attention | ai_interactions | lateral | work_tasks,
backend/internal/interaction/interaction.go,444,*Module.QueryOutcomes,transaction,tx,Commit,,,
backend/internal/interaction/interaction.go,528,*Module.ReviewOutcome,transaction,m.database,BeginTx,,,
backend/internal/interaction/interaction.go,532,*Module.ReviewOutcome,transaction,tx,Rollback,,,
backend/internal/interaction/interaction.go,533,*Module.ReviewOutcome,statement,tx,QueryRow,update,,interactionSelect
backend/internal/interaction/interaction.go,557,*Module.ReviewOutcome,statement,tx,Exec,update,ai_interaction_attention,
backend/internal/interaction/interaction.go,590,*Module.ReviewOutcome,transaction,tx,Commit,,,
backend/internal/interaction/interaction.go,1028,lockBySourceCall,statement,tx,QueryRow,update,of,interactionSelect
backend/internal/interaction/interaction.go,1117,save,statement,tx,Exec,insert,ai_interactions,
backend/internal/interaction/interaction.go,1137,save,statement,tx,Exec,update,ai_interactions,
backend/internal/interaction/receipt.go,62,*Module.ProcessNextReceipt,statement,m.database,QueryRow,select,ai_interaction_receipts,
backend/internal/interaction/receipt.go,158,*Module.acceptReceipt,transaction,m.database,BeginTx,,,
backend/internal/interaction/receipt.go,162,*Module.acceptReceipt,transaction,tx,Rollback,,,
backend/internal/interaction/receipt.go,174,*Module.acceptReceipt,statement,tx,QueryRow,insert,ai_interaction_receipts,
backend/internal/interaction/receipt.go,195,*Module.acceptReceipt,statement,tx,QueryRow,select | update,ai_interaction_receipts,
backend/internal/interaction/receipt.go,222,*Module.acceptReceipt,statement,tx,Exec,update,ai_interaction_receipts,
backend/internal/interaction/receipt.go,230,*Module.acceptReceipt,transaction,tx,Commit,,,
backend/internal/interaction/receipt.go,284,*Module.projectReceipt,transaction,m.database,BeginTx,,,
backend/internal/interaction/receipt.go,288,*Module.projectReceipt,transaction,tx,Rollback,,,
backend/internal/interaction/receipt.go,289,*Module.projectReceipt,statement,tx,QueryRow,select | update,ai_interaction_receipts,
backend/internal/interaction/receipt.go,307,*Module.projectReceipt,statement,tx,Exec,select,,
backend/internal/interaction/receipt.go,325,*Module.projectReceipt,transaction,tx,Commit,,,
backend/internal/interaction/receipt.go,394,*Module.projectReceipt,statement,tx,Exec,update,ai_interaction_receipts,
backend/internal/interaction/receipt.go,405,*Module.projectReceipt,transaction,tx,Commit,,,
backend/internal/interaction/receipt.go,424,syncOutcomeAttention,statement,tx,Exec,delete,ai_interaction_attention,
backend/internal/interaction/receipt.go,436,syncOutcomeAttention,statement,tx,Exec,insert | select,access_membership_locations | access_operational_scopes | ai_interaction_attention,
backend/internal/interaction/receipt.go,476,*Module.quarantineReceipt,statement,tx,Exec,update,ai_interaction_receipts,
backend/internal/interaction/receipt.go,483,*Module.quarantineReceipt,transaction,tx,Commit,,,
backend/internal/interaction/receipt.go,494,*Module.quarantinePendingReceipt,transaction,m.database,BeginTx,,,
backend/internal/interaction/receipt.go,498,*Module.quarantinePendingReceipt,transaction,tx,Rollback,,,
backend/internal/messaging/attachments.go,97,*Module.uploadAttachment,transaction,m.database,BeginTx,,,
backend/internal/messaging/attachments.go,101,*Module.uploadAttachment,transaction,tx,Rollback,,,
backend/internal/messaging/attachments.go,103,*Module.uploadAttachment,statement,tx,Exec,select,,
backend/internal/messaging/attachments.go,131,*Module.uploadAttachment,statement,tx,QueryRow,select,messaging_attachments,
backend/internal/messaging/attachments.go,174,*Module.uploadAttachment,transaction,tx,Commit,,,
backend/internal/messaging/attachments.go,220,*Module.uploadAttachment,statement,tx,Exec,insert,messaging_attachments,
backend/internal/messaging/attachments.go,255,*Module.uploadAttachment,statement,tx,QueryRow,select,messaging_attachments,
backend/internal/messaging/attachments.go,298,*Module.uploadAttachment,transaction,tx,Commit,,,
backend/internal/messaging/attachments.go,317,*Module.uploadAttachment,transaction,tx,Commit,,,
backend/internal/messaging/attachments.go,336,*Module.OpenAttachment,transaction,m.database,BeginTx,,,
backend/internal/messaging/attachments.go,340,*Module.OpenAttachment,transaction,tx,Rollback,,,
backend/internal/messaging/attachments.go,367,*Module.OpenAttachment,transaction,tx,Commit,,,
backend/internal/messaging/attachments.go,425,*Module.OpenProviderAttachment,statement,m.database,QueryRow,select,messaging_attachments,
backend/internal/messaging/attachments.go,473,*Module.ProcessNextAttachment,transaction,m.database,BeginTx,,,
backend/internal/messaging/attachments.go,477,*Module.ProcessNextAttachment,transaction,tx,Rollback,,,
backend/internal/messaging/attachments.go,480,*Module.ProcessNextAttachment,statement,tx,QueryRow,select | update,messaging_attachments | skip,
backend/internal/messaging/attachments.go,517,*Module.ProcessNextAttachment,transaction,tx,Commit,,,
backend/internal/messaging/attachments.go,524,*Module.ProcessNextAttachment,statement,tx,Exec,update,messaging_attachments,
backend/internal/messaging/attachments.go,531,*Module.ProcessNextAttachment,transaction,tx,Commit,,,
backend/internal/messaging/attachments.go,543,*Module.ProcessNextAttachment,transaction,m.database,BeginTx,,,
backend/internal/messaging/attachments.go,547,*Module.ProcessNextAttachment,transaction,finishTx,Rollback,,,
backend/internal/messaging/attachments.go,549,*Module.ProcessNextAttachment,statement,finishTx,Exec,update,messaging_attachments,
backend/internal/messaging/attachments.go,560,*Module.ProcessNextAttachment,statement,finishTx,Exec,update,messaging_attachments,
backend/internal/messaging/attachments.go,581,*Module.ProcessNextAttachment,transaction,finishTx,Commit,,,
backend/internal/messaging/attachments.go,597,*Module.RetryAttachment,transaction,m.database,BeginTx,,,
backend/internal/messaging/attachments.go,601,*Module.RetryAttachment,transaction,tx,Rollback,,,
backend/internal/messaging/attachments.go,631,*Module.RetryAttachment,statement,tx,Exec,update,messaging_attachments,
backend/internal/messaging/attachments.go,655,*Module.RetryAttachment,transaction,tx,Commit,,,
backend/internal/messaging/attachments.go,667,*Module.ExpirePendingAttachments,transaction,m.database,BeginTx,,,
backend/internal/messaging/attachments.go,671,*Module.ExpirePendingAttachments,transaction,tx,Rollback,,,
backend/internal/messaging/attachments.go,672,*Module.ExpirePendingAttachments,statement,tx,Query,delete | select | update,messaging_attachments | skip,
backend/internal/messaging/attachments.go,711,*Module.ExpirePendingAttachments,transaction,tx,Commit,,,
backend/internal/messaging/attachments.go,756,loadAttachment,statement,tx,QueryRow,select,messaging_attachments,
backend/internal/messaging/messaging.go,262,*Module.Provision,transaction,m.database,BeginTx,,,
backend/internal/messaging/messaging.go,266,*Module.Provision,transaction,tx,Rollback,,,
backend/internal/messaging/messaging.go,270,*Module.Provision,transaction,tx,Commit,,,
backend/internal/messaging/messaging.go,303,*Module.ProvisionInTx,statement,tx,Exec,insert | select | update,access_locations | access_practices | messaging_location_configurations | set,
backend/internal/messaging/messaging.go,381,*Module.Send,transaction,m.database,BeginTx,,,
backend/internal/messaging/messaging.go,385,*Module.Send,transaction,tx,Rollback,,,
backend/internal/messaging/messaging.go,386,*Module.Send,statement,tx,Exec,select,,
backend/internal/messaging/messaging.go,417,*Module.Send,statement,tx,QueryRow,select | update,messaging_attachments | messaging_messages | of,
backend/internal/messaging/messaging.go,469,*Module.Send,statement,tx,QueryRow,select,messaging_location_configurations,
backend/internal/messaging/messaging.go,519,*Module.Send,transaction,tx,Commit,,,
backend/internal/messaging/messaging.go,543,*Module.Send,statement,tx,Exec,update,messaging_threads,
backend/internal/messaging/messaging.go,586,*Module.Send,statement,tx,QueryRow,select | update,messaging_attachments,
backend/internal/messaging/messaging.go,658,*Module.Send,statement,tx,Exec,update,messaging_attachments,
backend/internal/messaging/messaging.go,713,*Module.Send,transaction,tx,Commit,,,
backend/internal/messaging/messaging.go,774,findOrCreateMessageThread,statement,tx,QueryRow,insert | update,messaging_threads | set,
backend/internal/messaging/messaging.go,818,insertOutboundMessage,statement,tx,Exec,insert,messaging_messages,
backend/internal/messaging/messaging.go,855,insertMessageProviderCommand,statement,tx,Exec,insert,messaging_provider_commands,
backend/internal/messaging/messaging.go,885,*Module.QueueNextTaskAcknowledgement,transaction,m.database,BeginTx,,,
backend/internal/messaging/messaging.go,889,*Module.QueueNextTaskAcknowledgement,transaction,tx,Rollback,,,
backend/internal/messaging/messaging.go,896,*Module.QueueNextTaskAcknowledgement,transaction,tx,Commit,,,
backend/internal/messaging/messaging.go,914,*Module.QueueNextTaskAcknowledgement,transaction,tx,Commit,,,
backend/internal/messaging/messaging.go,922,*Module.QueueNextTaskAcknowledgement,statement,tx,QueryRow,select,messaging_location_configurations,
backend/internal/messaging/messaging.go,944,*Module.QueueNextTaskAcknowledgement,transaction,tx,Commit,,,
backend/internal/messaging/messaging.go,964,*Module.QueueNextTaskAcknowledgement,transaction,tx,Commit,,,
backend/internal/messaging/messaging.go,1002,*Module.QueueNextTaskAcknowledgement,transaction,tx,Commit,,,
backend/internal/messaging/messaging.go,1071,*Module.QueueNextTaskAcknowledgement,transaction,tx,Commit,,,
backend/internal/messaging/messaging.go,1164,*Module.readMessageForRetry,statement,m.database,QueryRow,select,messaging_messages,
backend/internal/messaging/messaging.go,1174,*Module.readMessageForRetry,transaction,m.database,BeginTx,,,
backend/internal/messaging/messaging.go,1178,*Module.readMessageForRetry,transaction,tx,Rollback,,,
backend/internal/messaging/messaging.go,1179,*Module.readMessageForRetry,statement,tx,Exec,select,,
backend/internal/messaging/messaging.go,1209,*Module.readMessageForRetry,transaction,tx,Commit,,,
backend/internal/messaging/messaging.go,1221,*Module.loadSendAgainReplay,transaction,m.database,BeginTx,,,
backend/internal/messaging/messaging.go,1225,*Module.loadSendAgainReplay,transaction,tx,Rollback,,,
backend/internal/messaging/messaging.go,1234,*Module.loadSendAgainReplay,transaction,tx,Commit,,,
backend/internal/messaging/messaging.go,1257,*Module.loadSendAgainReplay,transaction,tx,Commit,,,
backend/internal/messaging/messaging.go,1271,*Module.ProcessNextCommand,transaction,m.database,BeginTx,,,
backend/internal/messaging/messaging.go,1275,*Module.ProcessNextCommand,transaction,tx,Rollback,,,
backend/internal/messaging/messaging.go,1280,*Module.ProcessNextCommand,statement,tx,QueryRow,select | update,messaging_attachments | messaging_location_configurations | messaging_messages | messaging_provider_commands | messaging_threads | of,
backend/internal/messaging/messaging.go,1328,*Module.ProcessNextCommand,transaction,tx,Commit,,,
backend/internal/messaging/messaging.go,1348,*Module.ProcessNextCommand,statement,tx,Exec,update,messaging_provider_commands,
backend/internal/messaging/messaging.go,1356,*Module.ProcessNextCommand,statement,tx,Exec,update,messaging_messages,
backend/internal/messaging/messaging.go,1367,*Module.ProcessNextCommand,transaction,tx,Commit,,,
backend/internal/messaging/messaging.go,1373,*Module.ProcessNextCommand,statement,tx,Exec,update,messaging_provider_commands,
backend/internal/messaging/messaging.go,1380,*Module.ProcessNextCommand,transaction,tx,Commit,,,
backend/internal/messaging/messaging.go,1385,*Module.ProcessNextCommand,transaction,m.database,BeginTx,,,
backend/internal/messaging/messaging.go,1389,*Module.ProcessNextCommand,transaction,finishTx,Rollback,,,
backend/internal/messaging/messaging.go,1405,*Module.ProcessNextCommand,statement,finishTx,Exec,update,messaging_provider_commands,
backend/internal/messaging/messaging.go,1422,*Module.ProcessNextCommand,statement,finishTx,Exec,update,messaging_messages,
backend/internal/messaging/messaging.go,1441,*Module.ProcessNextCommand,transaction,finishTx,Commit,,,
backend/internal/messaging/messaging.go,1455,*Module.RecoverInterruptedCommands,transaction,m.database,BeginTx,,,
backend/internal/messaging/messaging.go,1459,*Module.RecoverInterruptedCommands,transaction,tx,Rollback,,,
backend/internal/messaging/messaging.go,1461,*Module.RecoverInterruptedCommands,statement,tx,QueryRow,select | update,interrupted | messaging_provider_commands | skip,
backend/internal/messaging/messaging.go,1489,*Module.RecoverInterruptedCommands,statement,tx,Exec,update,messaging_messages,
backend/internal/messaging/messaging.go,1503,*Module.RecoverInterruptedCommands,transaction,tx,Commit,,,
backend/internal/messaging/messaging.go,1516,*Module.ReconcileNextCommand,transaction,m.database,BeginTx,,,
backend/internal/messaging/messaging.go,1520,*Module.ReconcileNextCommand,transaction,tx,Rollback,,,
backend/internal/messaging/messaging.go,1522,*Module.ReconcileNextCommand,statement,tx,QueryRow,select | update,messaging_messages | messaging_provider_commands | of,
backend/internal/messaging/messaging.go,1544,*Module.ReconcileNextCommand,transaction,tx,Commit,,,
backend/internal/messaging/messaging.go,1551,*Module.ReconcileNextCommand,statement,tx,Exec,update,messaging_provider_commands,
backend/internal/messaging/messaging.go,1558,*Module.ReconcileNextCommand,transaction,tx,Commit,,,
backend/internal/messaging/messaging.go,1563,*Module.ReconcileNextCommand,transaction,m.database,BeginTx,,,
backend/internal/messaging/messaging.go,1567,*Module.ReconcileNextCommand,transaction,finishTx,Rollback,,,
backend/internal/messaging/messaging.go,1573,*Module.ReconcileNextCommand,statement,finishTx,Exec,update,messaging_provider_commands,
backend/internal/messaging/messaging.go,1587,*Module.ReconcileNextCommand,transaction,finishTx,Commit,,,
backend/internal/messaging/messaging.go,1593,*Module.ReconcileNextCommand,statement,finishTx,QueryRow,select | update,messaging_messages,
backend/internal/messaging/messaging.go,1610,*Module.ReconcileNextCommand,statement,finishTx,Exec,update,messaging_messages,
backend/internal/messaging/messaging.go,1632,*Module.ReconcileNextCommand,statement,finishTx,Exec,update,messaging_provider_commands,
backend/internal/messaging/messaging.go,1656,*Module.ReconcileNextCommand,transaction,finishTx,Commit,,,
backend/internal/messaging/messaging.go,1686,*Module.ReceiveWebhook,transaction,m.database,BeginTx,,,
backend/internal/messaging/messaging.go,1690,*Module.ReceiveWebhook,transaction,tx,Rollback,,,
backend/internal/messaging/messaging.go,1691,*Module.ReceiveWebhook,statement,tx,Exec,insert,messaging_provider_receipts,
backend/internal/messaging/messaging.go,1713,*Module.ReceiveWebhook,statement,tx,QueryRow,select | update,messaging_provider_receipts,
backend/internal/messaging/messaging.go,1731,*Module.ReceiveWebhook,statement,tx,Exec,update,messaging_provider_receipts,
backend/internal/messaging/messaging.go,1739,*Module.ReceiveWebhook,transaction,tx,Commit,,,
backend/internal/messaging/messaging.go,1801,*Module.ProcessNextReceipt,transaction,m.database,BeginTx,,,
backend/internal/messaging/messaging.go,1805,*Module.ProcessNextReceipt,transaction,claimTx,Rollback,,,
backend/internal/messaging/messaging.go,1808,*Module.ProcessNextReceipt,statement,claimTx,QueryRow,select | update,messaging_provider_receipts | skip,
backend/internal/messaging/messaging.go,1821,*Module.ProcessNextReceipt,transaction,claimTx,Commit,,,
backend/internal/messaging/messaging.go,1828,*Module.ProcessNextReceipt,statement,claimTx,Exec,update,messaging_provider_receipts,
backend/internal/messaging/messaging.go,1835,*Module.ProcessNextReceipt,transaction,claimTx,Commit,,,
backend/internal/messaging/messaging.go,1910,*Module.ReadMessage,transaction,m.database,BeginTx,,,
backend/internal/messaging/messaging.go,1914,*Module.ReadMessage,transaction,tx,Rollback,,,
backend/internal/messaging/messaging.go,1934,*Module.ReadMessage,transaction,tx,Commit,,,
backend/internal/messaging/messaging.go,1971,*Module.QueryThreads,transaction,m.database,BeginTx,,,
backend/internal/messaging/messaging.go,1975,*Module.QueryThreads,transaction,tx,Rollback,,,
backend/internal/messaging/messaging.go,1997,*Module.QueryThreads,statement,tx,Query,select,access_locations | activity | call_activity | candidate_threads | human_calling_calls | human_calling_handoffs | lateral | linked_task_activity | message_activity | messaging_attachments | messaging_messages | messaging_thread_unreads | messaging_threads | phone_task_activity | ranked_threads | scored_threads | work_tasks,
backend/internal/messaging/messaging.go,2189,*Module.QueryThreads,transaction,tx,Commit,,,
backend/internal/messaging/messaging.go,2203,*Module.MarkRead,transaction,m.database,BeginTx,,,
backend/internal/messaging/messaging.go,2207,*Module.MarkRead,transaction,tx,Rollback,,,
backend/internal/messaging/messaging.go,2228,*Module.MarkRead,statement,tx,Exec,delete,messaging_thread_unreads,
backend/internal/messaging/messaging.go,2258,*Module.MarkRead,transaction,tx,Commit,,,
backend/internal/messaging/messaging.go,2277,*Module.CreateFollowUpTask,transaction,m.database,BeginTx,,,
backend/internal/messaging/messaging.go,2281,*Module.CreateFollowUpTask,transaction,tx,Rollback,,,
backend/internal/messaging/messaging.go,2283,*Module.CreateFollowUpTask,statement,tx,QueryRow,select,messaging_messages | messaging_threads,
backend/internal/messaging/messaging.go,2339,*Module.CreateFollowUpTask,statement,tx,Exec,update,messaging_messages,
backend/internal/messaging/messaging.go,2370,*Module.CreateFollowUpTask,transaction,tx,Commit,,,
backend/internal/messaging/messaging.go,2526,*Module.projectOutboundReceipt,transaction,m.database,BeginTx,,,
backend/internal/messaging/messaging.go,2530,*Module.projectOutboundReceipt,transaction,tx,Rollback,,,
backend/internal/messaging/messaging.go,2533,*Module.projectOutboundReceipt,statement,tx,QueryRow,select | update,messaging_messages | messaging_provider_commands | of,
backend/internal/messaging/messaging.go,2562,*Module.projectOutboundReceipt,statement,tx,Exec,update,messaging_provider_commands,
backend/internal/messaging/messaging.go,2584,*Module.projectOutboundReceipt,statement,tx,Exec,update,messaging_messages,
backend/internal/messaging/messaging.go,2607,*Module.projectOutboundReceipt,statement,tx,Exec,update,messaging_provider_commands,
backend/internal/messaging/messaging.go,2623,*Module.projectOutboundReceipt,statement,tx,Exec,update,messaging_provider_receipts,
backend/internal/messaging/messaging.go,2631,*Module.projectOutboundReceipt,transaction,tx,Commit,,,
backend/internal/messaging/messaging.go,2659,*Module.projectInboundReceipt,transaction,m.database,BeginTx,,,
backend/internal/messaging/messaging.go,2663,*Module.projectInboundReceipt,transaction,tx,Rollback,,,
backend/internal/messaging/messaging.go,2665,*Module.projectInboundReceipt,statement,tx,QueryRow,select,messaging_location_configurations,
backend/internal/messaging/messaging.go,2681,*Module.projectInboundReceipt,statement,tx,QueryRow,insert | update,messaging_threads | set,
backend/internal/messaging/messaging.go,2715,*Module.projectInboundReceipt,statement,tx,Exec,insert,messaging_messages,
backend/internal/messaging/messaging.go,2763,*Module.projectInboundReceipt,statement,tx,Exec,insert,messaging_attachments,
backend/internal/messaging/messaging.go,2788,*Module.projectInboundReceipt,statement,tx,Exec,insert | select | update,access_membership_locations | access_operational_scopes | messaging_thread_unreads | set,
backend/internal/messaging/messaging.go,2835,*Module.projectInboundReceipt,statement,tx,Exec,update,messaging_threads,
backend/internal/messaging/messaging.go,2847,*Module.projectInboundReceipt,statement,tx,Exec,update,failed_commands | messaging_messages | messaging_provider_commands,
backend/internal/messaging/messaging.go,2883,*Module.projectInboundReceipt,statement,tx,Exec,update,messaging_provider_receipts,
backend/internal/messaging/messaging.go,2891,*Module.projectInboundReceipt,transaction,tx,Commit,,,
backend/internal/messaging/messaging.go,2903,*Module.finishReceipt,statement,m.database,Exec,update,messaging_provider_receipts,
backend/internal/messaging/messaging.go,3022,loadMessageByIdempotency,statement,tx,QueryRow,select,access_locations | messaging_attachments | messaging_messages | messaging_provider_commands | messaging_threads,
backend/internal/messaging/messaging.go,3127,loadMessage,statement,tx,QueryRow,select,access_locations | messaging_attachments | messaging_messages | messaging_threads,
backend/internal/messaging/messaging.go,3231,loadThread,statement,tx,QueryRow,select,access_locations | messaging_threads,
backend/internal/migrations/migrations.go,39,applyThrough,statement,pool,Exec,create,if,
backend/internal/migrations/migrations.go,76,applyThrough,statement,pool,QueryRow,select,public.schema_migrations,
backend/internal/migrations/migrations.go,112,applyThrough,transaction,pool,Begin,,,
backend/internal/migrations/migrations.go,116,applyThrough,statement,tx,Exec,,,string(sql)
backend/internal/migrations/migrations.go,117,applyThrough,transaction,tx,Rollback,,,
backend/internal/migrations/migrations.go,120,applyThrough,statement,tx,Exec,insert,public.schema_migrations,
backend/internal/migrations/migrations.go,124,applyThrough,transaction,tx,Rollback,,,
backend/internal/migrations/migrations.go,127,applyThrough,transaction,tx,Commit,,,
backend/internal/migrations/migrations.go,141,ApplyRuntimeGrants,transaction,pool,Begin,,,
backend/internal/migrations/migrations.go,145,ApplyRuntimeGrants,statement,tx,Exec,,,string(sql)
backend/internal/migrations/migrations.go,146,ApplyRuntimeGrants,transaction,tx,Rollback,,,
backend/internal/migrations/migrations.go,149,ApplyRuntimeGrants,transaction,tx,Commit,,,
backend/internal/migrations/migrations.go,204,applyNonTransactional,statement,pool,QueryRow,,,query
backend/internal/migrations/migrations.go,217,applyNonTransactional,statement,pool,Exec,,,statement
backend/internal/migrations/migrations.go,244,recordMigration,statement,pool,Exec,insert,public.schema_migrations,
backend/internal/postgres/executor.go,108,poolAcquirer.Acquire,connection,pool.pool,Acquire,,,
backend/internal/postgres/executor.go,176,*Executor.Exec,statement,connection,Exec,,,sql
backend/internal/postgres/executor.go,191,*Executor.Query,statement,connection,Query,,,sql
backend/internal/postgres/executor.go,219,*Executor.QueryRow,statement,connection,QueryRow,,,sql
backend/internal/postgres/executor.go,240,*Executor.BeginTx,transaction,connection,BeginTx,,,
backend/internal/postgres/executor.go,246,*Executor.BeginTx,statement,transaction,Exec,select,,
backend/internal/postgres/executor.go,251,*Executor.BeginTx,transaction,transaction,Rollback,,,
backend/internal/postgres/executor.go,282,*Executor.acquire,connection,executor.pool,Acquire,,,
backend/internal/postgres/executor.go,400,*ownedTx.Begin,transaction,transaction.Tx,Begin,,,
backend/internal/postgres/executor.go,415,*ownedTx.Commit,transaction,transaction.Tx,Commit,,,
backend/internal/postgres/executor.go,418,*ownedTx.Commit,transaction,transaction.Tx,Commit,,,
backend/internal/postgres/executor.go,428,*ownedTx.Rollback,transaction,transaction.Tx,Rollback,,,
backend/internal/postgres/executor.go,431,*ownedTx.Rollback,transaction,transaction.Tx,Rollback,,,
backend/internal/postgres/executor.go,446,*ownedTx.CopyFrom,copy,transaction.Tx,CopyFrom,,,
backend/internal/postgres/executor.go,458,*ownedTx.Prepare,prepare,transaction.Tx,Prepare,,,sql
backend/internal/postgres/executor.go,470,*ownedTx.Exec,statement,transaction.Tx,Exec,,,sql
backend/internal/postgres/executor.go,481,*ownedTx.Query,statement,transaction.Tx,Query,,,sql
backend/internal/postgres/executor.go,501,*ownedTx.QueryRow,statement,transaction.Tx,QueryRow,,,sql
backend/internal/postgres/executor.go,515,*ownedTx.SendBatch,batch,transaction.Tx,SendBatch,,,
backend/internal/realtime/realtime.go,97,*Hub.Run,statement,connection,Exec,listen,,notificationChannel
backend/internal/realtime/realtime.go,122,*Hub.Run,listen,connection,WaitForNotification,,,
backend/internal/work/work.go,316,*Module.EnsureCallFollowUp,statement,tx,Exec,insert,work_task_activities,
backend/internal/work/work.go,363,*Module.EnsureMessageFollowUp,statement,tx,QueryRow,insert,work_tasks,
backend/internal/work/work.go,394,*Module.EnsureMessageFollowUp,statement,tx,QueryRow,select,work_tasks,
backend/internal/work/work.go,503,*Module.EnsureRecoveryTask,statement,tx,QueryRow,select | update,of | work_task_interactions | work_tasks,
backend/internal/work/work.go,512,*Module.EnsureRecoveryTask,statement,tx,QueryRow,insert,work_tasks,
backend/internal/work/work.go,541,*Module.EnsureRecoveryTask,statement,tx,QueryRow,select | update,work_tasks,
backend/internal/work/work.go,570,*Module.EnsureRecoveryTask,statement,tx,Exec,insert,work_task_interactions,
backend/internal/work/work.go,588,*Module.EnsureRecoveryTask,statement,tx,QueryRow,select,work_task_interactions,
backend/internal/work/work.go,602,*Module.EnsureRecoveryTask,statement,tx,Exec,update,work_tasks,
backend/internal/work/work.go,709,*Module.ResolveRecoveryTasks,statement,tx,Exec,insert | update,set | work_recovery_resolution_checkpoints,
backend/internal/work/work.go,749,lockRecoveryPhone,statement,tx,Exec,select,,
backend/internal/work/work.go,764,*Module.completeRecoveryTasksFromCheckpoint,statement,tx,QueryRow,insert | select | update,activities | checkpoint | eligible | of | updated | work_recovery_resolution_checkpoints | work_task_activities | work_task_interactions | work_tasks,
backend/internal/work/work.go,848,*Module.ProcessNextRecoveryReconciliation,transaction,m.database,BeginTx,,,
backend/internal/work/work.go,852,*Module.ProcessNextRecoveryReconciliation,transaction,tx,Rollback,,,
backend/internal/work/work.go,855,*Module.ProcessNextRecoveryReconciliation,statement,tx,QueryRow,select | update,skip | work_recovery_reconciliation_queue,
backend/internal/work/work.go,870,*Module.ProcessNextRecoveryReconciliation,statement,tx,QueryRow,select,ai_interactions | human_calling_call_legs | human_calling_calls | human_calling_handoffs,
backend/internal/work/work.go,921,*Module.ProcessNextRecoveryReconciliation,statement,tx,Exec,delete,work_recovery_reconciliation_queue,
backend/internal/work/work.go,932,*Module.ProcessNextRecoveryReconciliation,transaction,tx,Commit,,,
backend/internal/work/work.go,984,*Module.ClaimNextTaskAcknowledgement,statement,tx,QueryRow,select | update,of | work_task_acknowledgements | work_tasks,
backend/internal/work/work.go,1054,*Module.DeferTaskAcknowledgement,statement,tx,Exec,update,work_task_acknowledgements,
backend/internal/work/work.go,1081,*Module.MarkTaskAcknowledgementQueued,statement,tx,Exec,update,work_task_acknowledgements,
backend/internal/work/work.go,1111,*Module.MarkTaskAcknowledgementNotNeeded,statement,tx,Exec,update,work_task_acknowledgements,
backend/internal/work/work.go,1176,*Module.ApplyCallTaskDisposition,statement,tx,Exec,update,work_tasks,
backend/internal/work/work.go,1231,*Module.CreateAITask,transaction,m.database,BeginTx,,,
backend/internal/work/work.go,1235,*Module.CreateAITask,transaction,tx,Rollback,,,
backend/internal/work/work.go,1252,*Module.CreateAITask,statement,tx,QueryRow,insert,work_tasks,
backend/internal/work/work.go,1297,*Module.CreateAITask,statement,tx,QueryRow,select,work_tasks,
backend/internal/work/work.go,1309,*Module.CreateAITask,statement,tx,QueryRow,select,work_tasks,
backend/internal/work/work.go,1337,*Module.CreateAITask,transaction,tx,Commit,,,
backend/internal/work/work.go,1352,*Module.CreateAITask,transaction,tx,Commit,,,
backend/internal/work/work.go,1370,*Module.CreateAITask,transaction,tx,Commit,,,
backend/internal/work/work.go,1388,*Module.RenameTask,transaction,m.database,BeginTx,,,
backend/internal/work/work.go,1392,*Module.RenameTask,transaction,tx,Rollback,,,
backend/internal/work/work.go,1415,*Module.RenameTask,statement,tx,QueryRow,update,work_tasks,
backend/internal/work/work.go,1451,*Module.RenameTask,transaction,tx,Commit,,,
backend/internal/work/work.go,1466,*Module.CompleteTask,transaction,m.database,BeginTx,,,
backend/internal/work/work.go,1470,*Module.CompleteTask,transaction,tx,Rollback,,,
backend/internal/work/work.go,1496,*Module.CompleteTask,statement,tx,QueryRow,update,work_tasks,
backend/internal/work/work.go,1539,*Module.CompleteTask,transaction,tx,Commit,,,
backend/internal/work/work.go,1554,*Module.ReopenTask,transaction,m.database,BeginTx,,,
backend/internal/work/work.go,1558,*Module.ReopenTask,transaction,tx,Rollback,,,
backend/internal/work/work.go,1584,*Module.ReopenTask,statement,tx,QueryRow,update,work_tasks,
backend/internal/work/work.go,1626,*Module.ReopenTask,transaction,tx,Commit,,,
backend/internal/work/work.go,1640,*Module.ReadTask,transaction,m.database,BeginTx,,,
backend/internal/work/work.go,1644,*Module.ReadTask,transaction,tx,Rollback,,,
backend/internal/work/work.go,1665,*Module.ReadTask,transaction,tx,Commit,,,
backend/internal/work/work.go,1675,*Module.loadTaskInteractions,statement,tx,Query,select,human_calling_voicemails | work_task_interactions,
backend/internal/work/work.go,1756,appendActivity,statement,tx,Exec,insert,work_task_activities,
backend/internal/work/work.go,1787,insertTask,statement,tx,QueryRow,insert | select,access_locations | inserted | work_tasks,
backend/internal/work/work.go,1929,loadTask,statement,tx,QueryRow,select,access_locations | work_tasks,
backend/internal/work/work.go,1980,lockTask,statement,tx,QueryRow,select | update,access_locations | of | work_tasks,
backend/internal/work/work.go,2030,loadTaskAcknowledgement,statement,tx,QueryRow,select,work_task_acknowledgements,
backend/internal/workspace/tasks.go,62,*Module.QueryTasks,transaction,m.database,BeginTx,,,
backend/internal/workspace/tasks.go,66,*Module.QueryTasks,transaction,tx,Rollback,,,
backend/internal/workspace/tasks.go,74,*Module.QueryTasks,statement,tx,Query,,,"taskQuerySQL(command.State, command.Ordering)"
backend/internal/workspace/tasks.go,128,*Module.QueryTasks,transaction,tx,Commit,,,
backend/internal/workspace/tasks.go,143,*Module.ReadTask,transaction,m.database,BeginTx,,,
backend/internal/workspace/tasks.go,147,*Module.ReadTask,transaction,tx,Rollback,,,
backend/internal/workspace/tasks.go,148,*Module.ReadTask,statement,tx,QueryRow,,,taskReadQuery
backend/internal/workspace/tasks.go,164,*Module.ReadTask,transaction,tx,Commit,,,
backend/internal/workspace/tasks.go,498,loadTaskInteractions,statement,tx,Query,select,human_calling_voicemails | work_task_interactions,
backend/internal/workspace/tasks.go,536,queryTaskFolderCounts,statement,tx,QueryRow,select,access_locations | foldered | scoped | work_tasks,
backend/internal/workspace/timeline.go,45,*Module.QueryPhoneTimeline,transaction,m.database,BeginTx,,,
backend/internal/workspace/timeline.go,49,*Module.QueryPhoneTimeline,transaction,tx,Rollback,,,
backend/internal/workspace/timeline.go,88,*Module.QueryPhoneTimeline,transaction,tx,Commit,,,
backend/internal/workspace/timeline.go,110,*Module.QueryTimeline,transaction,m.database,BeginTx,,,
backend/internal/workspace/timeline.go,114,*Module.QueryTimeline,transaction,tx,Rollback,,,
backend/internal/workspace/timeline.go,154,*Module.QueryTimeline,transaction,tx,Commit,,,
backend/internal/workspace/timeline.go,235,queryTimelineMessages,statement,tx,Query,,,messageProjectionSQL
backend/internal/workspace/timeline.go,395,queryTimelineCalls,statement,tx,Query,,,callProjectionSQL
backend/internal/workspace/timeline.go,441,queryPhoneInteractions,statement,tx,Query,select,access_locations | ai_interactions,
backend/internal/workspace/timeline.go,521,queryPhoneTaskActivities,statement,tx,Query,,,phoneTaskActivityQuery
backend/internal/workspace/timeline.go,558,queryConversationTasks,statement,tx,Query,,,conversationTaskQuery
backend/internal/workspace/timeline.go,584,loadThread,statement,tx,QueryRow,select,access_locations | messaging_threads,
backend/internal/workspace/workspace.go,111,*Module.QueryEngagements,transaction,m.database,BeginTx,,,
backend/internal/workspace/workspace.go,115,*Module.QueryEngagements,transaction,tx,Rollback,,,
backend/internal/workspace/workspace.go,125,*Module.QueryEngagements,statement,tx,QueryRow,select,ai_interactions | evidence | human_calling_calls | human_calling_handoffs | messaging_thread_unreads | messaging_threads | work_tasks,
backend/internal/workspace/workspace.go,205,*Module.QueryEngagements,transaction,tx,Commit,,,
backend/internal/workspace/workspace.go,210,*Module.QueryEngagements,statement,tx,Query,select,access_locations | ai_interactions | human_calling_calls | human_calling_handoffs | messaging_threads | work_tasks,
backend/internal/workspace/workspace.go,252,*Module.QueryEngagements,transaction,tx,Commit,,,
